lfdn;external_lfdn;tester;dispcode;lastpage;quality;duration;v_218;v_41;v_42;v_46;v_47;v_48;v_49;v_50;v_51;v_52;v_53;v_54;v_55;v_233;v_243;v_223;v_224;v_225;v_226;v_227;v_228;v_229;v_230;v_231;v_232;v_244;v_245;v_246;v_247;v_248;v_249;v_250;v_251;v_252;v_253;v_254;v_255;v_256;v_257;v_258;v_259;v_260;v_261;v_262;v_263;v_264;v_265;v_266;v_267;v_274;v_275;v_276;v_277;v_278;v_279;v_280;v_281;v_282;v_283;v_284;v_285;v_286;v_288;v_289;v_290;v_291;v_292;v_293;v_294;v_295;v_296;v_297;v_298;v_299;v_300;v_301;v_302;v_303;v_304;v_305;v_309;v_310;v_311;v_312;v_313;v_314;v_315;v_316;v_317;v_318;v_319;v_320;v_321;v_322;v_323;v_324;v_325;v_326;v_327;v_328;v_329;v_330;v_331;v_332;v_333;v_334;v_335;v_336;v_337;v_338;v_339;v_78;v_79;v_80;v_81;v_82;v_83;v_84;v_85;v_86;v_89;v_90;v_91;v_92;v_94;v_95
3;0;0;31;7015342;-77;2713;0;-77;6;-77;7;-77;-77;-77;-77;6;-77;-77;-77;-77;-77;-77;-77;7;-77;7;-77;-77;-77;-77;7;-77;7;-77;-77;-77;5;-77;-77;-77;-77;7;-77;-77;-77;-77;6;-77;-77;-77;7;-77;6;-77;-77;1;1;1;2;1;2;1;1;2;2;1;2;2;2;1;2;2;2;2;2;2;2;2;1;1;1;1;2;1;2;2;-77;-77;-77;-77;-77;-77;-77;-77;-77;-77;-77;-77;-77;-77;-77;-77;-77;-77;-77;-77;-77;-77;-77;-77;-77;-77;-77;-77;-77;-77;-77;0;0;0;0;1;0;0;1;0;0;0;0;1;0;1
4;0;0;31;7015342;-77;198;0;-77;5;-77;6;-77;-77;-77;-77;-77;-77;5;-77;-77;-77;-77;-77;-77;4;6;-77;-77;5;-77;-77;-77;5;-77;-77;3;-77;6;-77;-77;-77;-77;-77;-77;-77;-77;6;-77;-77;6;-77;6;-77;-77;6;-77;-77;-77;-77;-77;-77;-77;-77;-77;-77;-77;-77;-77;-77;-77;-77;-77;-77;-77;-77;-77;-77;-77;-77;-77;-77;-77;-77;-77;-77;-77;2;2;1;2;1;2;1;1;2;2;2;2;2;2;1;2;2;2;2;2;2;2;2;2;2;2;2;2;2;2;2;0;0;0;1;0;0;1;0;0;0;0;0;1;0;1
5;0;0;31;7015342;-77;424;0;-77;6;7;-77;-77;7;-77;-77;-77;-77;-77;-77;-77;-77;-77;-77;-77;-77;5;-77;7;-77;7;-77;-77;7;-77;6;-77;-77;-77;6;-77;-77;-77;-77;-77;-77;-77;-77;-77;7;-77;6;-77;7;-77;7;-77;-77;-77;-77;-77;-77;-77;-77;-77;-77;-77;-77;-77;-77;-77;-77;-77;-77;-77;-77;-77;-77;-77;-77;-77;-77;-77;-77;-77;-77;-77;1;2;1;1;1;1;1;1;1;1;1;2;1;1;1;1;1;2;2;1;1;1;1;1;1;1;2;2;1;1;2;0;0;0;1;0;0;1;0;0;0;0;1;0;0;1
6;0;0;31;7015342;-77;235;0;-77;-77;-77;-77;5;-77;-77;6;-77;-77;-77;6;4;-77;-77;5;-77;-77;-77;-77;4;-77;-77;-77;-77;-77;-77;-77;-77;-77;5;-77;4;-77;-77;4;-77;3;-77;6;-77;5;3;-77;-77;-77;-77;-77;-77;-77;-77;-77;-77;-77;-77;-77;-77;-77;-77;-77;-77;-77;-77;-77;-77;-77;-77;-77;-77;-77;-77;-77;-77;-77;-77;-77;-77;-77;-77;2;2;2;2;1;2;1;1;2;2;2;2;2;2;2;2;2;2;2;1;2;2;2;2;2;2;2;2;2;2;2;0;0;0;1;0;0;0;1;0;0;0;0;1;0;1
7;0;0;31;7015342;-77;161;0;-77;-77;-77;4;-77;-77;-77;-77;-77;2;-77;2;-77;2;-77;-77;5;-77;6;-77;-77;-77;-77;-77;-77;1;-77;-77;4;-77;4;-77;-77;-77;-77;-77;-77;-77;-77;2;-77;-77;5;-77;-77;4;3;-77;-77;-77;-77;-77;-77;-77;-77;-77;-77;-77;-77;-77;-77;-77;-77;-77;-77;-77;-77;-77;-77;-77;-77;-77;-77;-77;-77;-77;-77;-77;-77;2;2;1;2;1;2;1;1;2;2;2;2;2;2;1;2;2;2;2;1;2;2;2;2;2;2;2;2;2;2;2;0;0;1;0;0;0;0;1;0;0;0;0;1;0;1
8;0;0;31;7015342;-77;266;0;-77;4;-77;-77;-77;4;6;-77;-77;-77;-77;-77;-77;-77;5;-77;-77;-77;-77;-77;-77;5;-77;6;-77;5;-77;-77;-77;-77;-77;5;-77;4;-77;-77;-77;-77;5;-77;3;-77;5;-77;-77;-77;6;-77;2;2;1;2;1;2;1;1;2;2;2;2;2;2;1;2;2;2;2;1;2;2;2;2;2;2;2;2;2;2;2;-77;-77;-77;-77;-77;-77;-77;-77;-77;-77;-77;-77;-77;-77;-77;-77;-77;-77;-77;-77;-77;-77;-77;-77;-77;-77;-77;-77;-77;-77;-77;0;0;0;1;0;0;1;0;0;0;0;0;1;0;1
9;0;0;31;7015342;-77;287;0;-77;-77;4;-77;2;-77;-77;6;-77;-77;-77;-77;2;-77;-77;-77;-77;-77;-77;-77;-77;4;-77;5;-77;-77;5;-77;-77;1;7;-77;-77;-77;-77;-77;-77;2;-77;-77;-77;-77;6;-77;-77;6;7;-77;-77;-77;-77;-77;-77;-77;-77;-77;-77;-77;-77;-77;-77;-77;-77;-77;-77;-77;-77;-77;-77;-77;-77;-77;-77;-77;-77;-77;-77;-77;-77;2;2;2;2;2;2;2;2;2;2;2;2;2;2;1;2;2;2;2;1;2;2;2;2;2;2;2;2;2;2;2;0;0;1;0;0;0;0;1;0;0;0;0;1;0;1
10;0;0;31;7015342;-77;262;0;-77;4;-77;4;-77;-77;-77;-77;-77;-77;-77;4;-77;-77;-77;-77;-77;7;4;-77;-77;7;-77;-77;-77;-77;-77;-77;3;-77;-77;-77;-77;1;-77;7;2;-77;5;-77;-77;-77;-77;3;-77;-77;-77;-77;2;2;2;2;2;2;2;2;2;2;2;2;2;2;2;2;2;2;2;2;2;2;2;2;2;2;2;2;2;2;2;-77;-77;-77;-77;-77;-77;-77;-77;-77;-77;-77;-77;-77;-77;-77;-77;-77;-77;-77;-77;-77;-77;-77;-77;-77;-77;-77;-77;-77;-77;-77;0;0;1;0;0;0;1;0;0;0;0;0;1;0;1
11;0;0;31;7015342;-77;300;0;-77;-77;-77;4;3;-77;-77;-77;-77;-77;-77;5;1;-77;-77;-77;-77;-77;2;-77;1;-77;-77;-77;-77;2;1;-77;-77;-77;-77;-77;1;-77;-77;-77;-77;-77;-77;-77;-77;3;-77;6;-77;-77;4;-77;-77;-77;-77;-77;-77;-77;-77;-77;-77;-77;-77;-77;-77;-77;-77;-77;-77;-77;-77;-77;-77;-77;-77;-77;-77;-77;-77;-77;-77;-77;-77;2;2;1;2;1;2;1;1;2;2;2;2;2;2;2;2;2;2;2;1;2;2;2;2;2;2;2;2;2;2;2;0;1;0;0;0;0;0;0;1;0;0;1;0;0;1
12;0;0;31;7015342;-77;858;0;-77;4;-77;-77;-77;-77;-77;-77;-77;4;5;-77;-77;-77;-77;4;1;-77;-77;5;-77;-77;-77;-77;-77;1;-77;1;1;-77;-77;-77;-77;-77;-77;-77;-77;-77;-77;-77;-77;-77;-77;4;-77;5;-77;3;2;2;2;2;1;2;2;1;2;2;2;2;2;2;2;2;2;2;2;1;2;2;2;2;2;2;2;2;2;2;2;-77;-77;-77;-77;-77;-77;-77;-77;-77;-77;-77;-77;-77;-77;-77;-77;-77;-77;-77;-77;-77;-77;-77;-77;-77;-77;-77;-77;-77;-77;-77;0;0;1;0;0;0;0;1;0;0;0;0;1;0;1
14;0;0;31;7015342;-77;397;0;-77;3;-77;-77;5;-77;-77;3;-77;-77;-77;-77;-77;-77;-77;5;-77;-77;-77;-77;6;-77;-77;2;-77;-77;-77;-77;6;-77;-77;-77;6;-77;-77;3;2;-77;6;-77;-77;-77;-77;4;-77;-77;-77;-77;2;2;1;2;1;2;2;1;2;2;2;2;2;2;1;2;2;2;2;1;2;2;2;2;2;2;2;2;2;2;2;-77;-77;-77;-77;-77;-77;-77;-77;-77;-77;-77;-77;-77;-77;-77;-77;-77;-77;-77;-77;-77;-77;-77;-77;-77;-77;-77;-77;-77;-77;-77;0;0;1;0;0;0;0;1;0;0;0;0;1;0;1
15;0;0;31;7015342;-77;242;0;1;-77;-77;3;-77;-77;-77;-77;-77;-77;-77;3;-77;-77;-77;-77;-77;6;-77;7;-77;4;-77;-77;-77;-77;3;-77;-77;2;-77;-77;-77;-77;3;-77;2;-77;-77;-77;-77;-77;2;-77;-77;3;-77;-77;-77;-77;-77;-77;-77;-77;-77;-77;-77;-77;-77;-77;-77;-77;-77;-77;-77;-77;-77;-77;-77;-77;-77;-77;-77;-77;-77;-77;-77;-77;-77;2;2;1;2;1;2;1;1;2;2;2;2;2;2;1;2;2;2;2;1;2;2;2;2;2;2;2;2;2;2;2;0;0;0;1;0;0;1;0;0;0;0;0;1;0;1
16;0;0;31;7015342;-77;234;0;-77;1;-77;-77;7;-77;-77;-77;7;-77;-77;-77;-77;-77;-77;1;-77;-77;7;-77;-77;-77;-77;4;-77;1;-77;-77;1;-77;-77;-77;-77;-77;-77;4;-77;-77;-77;1;-77;-77;-77;7;-77;7;-77;-77;2;2;2;2;1;2;2;1;2;2;2;2;2;2;1;2;2;2;2;1;2;2;2;2;2;2;2;2;2;2;2;-77;-77;-77;-77;-77;-77;-77;-77;-77;-77;-77;-77;-77;-77;-77;-77;-77;-77;-77;-77;-77;-77;-77;-77;-77;-77;-77;-77;-77;-77;-77;0;0;1;0;0;0;0;1;0;0;0;1;0;0;1
17;0;0;31;7015342;-77;198;0;3;-77;-77;-77;-77;-77;7;-77;4;-77;-77;-77;-77;-77;-77;5;-77;7;-77;-77;-77;-77;7;-77;-77;-77;-77;-77;6;-77;-77;6;6;-77;-77;-77;-77;4;-77;5;-77;-77;-77;6;-77;-77;6;-77;2;2;1;2;1;2;1;1;2;2;2;2;2;2;1;2;2;2;2;2;2;2;2;2;2;2;2;2;2;2;2;-77;-77;-77;-77;-77;-77;-77;-77;-77;-77;-77;-77;-77;-77;-77;-77;-77;-77;-77;-77;-77;-77;-77;-77;-77;-77;-77;-77;-77;-77;-77;0;0;1;0;0;0;1;0;0;0;0;0;1;0;1
18;0;0;31;7015342;-77;174;0;-77;-77;-77;-77;-77;-77;-77;2;-77;4;4;-77;2;-77;-77;5;4;-77;-77;-77;-77;-77;-77;-77;-77;2;-77;-77;-77;4;-77;-77;3;-77;-77;-77;-77;-77;2;-77;-77;-77;2;-77;-77;-77;2;-77;-77;-77;-77;-77;-77;-77;-77;-77;-77;-77;-77;-77;-77;-77;-77;-77;-77;-77;-77;-77;-77;-77;-77;-77;-77;-77;-77;-77;-77;-77;-77;2;2;1;2;1;2;1;1;2;2;2;2;2;2;1;2;2;2;2;1;2;2;2;2;2;2;2;2;2;2;2;0;1;0;0;0;0;0;1;0;0;0;0;1;0;1
19;0;0;31;7015342;-77;378;0;-77;4;-77;-77;-77;4;-77;4;-77;-77;-77;-77;-77;-77;-77;5;-77;-77;-77;-77;-77;6;-77;4;-77;-77;-77;6;4;-77;-77;-77;-77;7;-77;-77;4;-77;-77;-77;-77;-77;4;-77;-77;-77;-77;5;2;2;1;2;2;2;1;1;2;2;2;2;2;2;2;2;2;2;2;1;2;2;2;2;2;2;2;2;2;2;2;-77;-77;-77;-77;-77;-77;-77;-77;-77;-77;-77;-77;-77;-77;-77;-77;-77;-77;-77;-77;-77;-77;-77;-77;-77;-77;-77;-77;-77;-77;-77;0;0;0;0;0;1;0;1;0;0;0;0;1;0;1
20;0;0;31;7015342;-77;152;0;-77;-77;-77;-77;-77;1;4;-77;-77;7;-77;-77;-77;4;1;-77;-77;-77;-77;-77;-77;-77;1;-77;-77;4;-77;-77;1;-77;-77;-77;4;-77;-77;-77;-77;-77;5;-77;-77;-77;-77;3;-77;-77;-77;6;2;2;1;2;1;2;1;1;2;2;2;2;2;2;1;2;2;2;2;1;2;2;2;2;2;2;2;2;2;2;2;-77;-77;-77;-77;-77;-77;-77;-77;-77;-77;-77;-77;-77;-77;-77;-77;-77;-77;-77;-77;-77;-77;-77;-77;-77;-77;-77;-77;-77;-77;-77;0;1;0;0;0;0;1;0;0;0;0;0;1;0;1
22;0;0;31;7015342;-77;482;0;-77;4;-77;-77;2;-77;-77;-77;-77;-77;-77;3;-77;-77;4;-77;-77;-77;3;-77;3;-77;-77;-77;-77;-77;-77;6;-77;-77;-77;-77;3;-77;4;-77;4;-77;-77;-77;7;-77;-77;6;-77;-77;-77;-77;2;2;1;2;1;2;1;1;2;2;2;2;2;2;1;2;2;2;2;1;1;2;2;2;2;2;2;2;2;2;2;-77;-77;-77;-77;-77;-77;-77;-77;-77;-77;-77;-77;-77;-77;-77;-77;-77;-77;-77;-77;-77;-77;-77;-77;-77;-77;-77;-77;-77;-77;-77;0;0;0;1;0;0;1;0;0;0;0;1;0;0;1
21;0;0;31;7015342;-77;236;0;-77;3;-77;-77;2;-77;-77;-77;-77;4;-77;-77;-77;-77;4;-77;-77;-77;-77;3;-77;-77;5;-77;3;-77;-77;4;-77;4;-77;-77;-77;-77;-77;-77;-77;-77;-77;-77;-77;-77;-77;4;4;-77;4;-77;-77;-77;-77;-77;-77;-77;-77;-77;-77;-77;-77;-77;-77;-77;-77;-77;-77;-77;-77;-77;-77;-77;-77;-77;-77;-77;-77;-77;-77;-77;-77;2;2;2;2;2;2;1;1;2;2;2;2;2;2;1;2;2;2;2;1;2;2;2;2;2;2;2;2;2;2;2;0;0;1;0;0;0;0;1;0;0;0;1;0;0;1
25;0;0;31;7015342;-77;481;0;-77;-77;3;-77;-77;3;-77;-77;-77;-77;2;-77;-77;3;-77;-77;-77;-77;-77;3;4;-77;-77;-77;-77;-77;-77;4;-77;-77;-77;3;4;-77;-77;-77;-77;3;-77;-77;-77;3;3;-77;-77;-77;-77;3;-77;-77;-77;-77;-77;-77;-77;-77;-77;-77;-77;-77;-77;-77;-77;-77;-77;-77;-77;-77;-77;-77;-77;-77;-77;-77;-77;-77;-77;-77;-77;1;2;2;2;1;1;1;1;2;1;1;2;2;2;2;2;2;1;2;1;2;1;2;1;2;2;2;2;2;2;2;0;0;1;0;0;0;1;0;0;0;0;0;1;0;1
27;0;0;31;7015342;-77;118;0;-77;-77;-77;-77;-77;4;-77;5;-77;-77;7;-77;3;-77;3;-77;-77;-77;-77;-77;-77;4;-77;-77;-77;-77;-77;4;-77;2;-77;-77;-77;5;-77;-77;-77;6;-77;-77;-77;-77;3;-77;-77;-77;-77;7;-77;-77;-77;-77;-77;-77;-77;-77;-77;-77;-77;-77;-77;-77;-77;-77;-77;-77;-77;-77;-77;-77;-77;-77;-77;-77;-77;-77;-77;-77;-77;1;2;2;2;1;2;1;1;2;1;2;2;2;1;1;2;1;1;2;1;1;2;1;2;1;2;1;1;2;2;2;0;0;1;0;0;0;0;1;0;0;1;0;0;0;1
29;0;0;31;7015342;-77;413;0;3;-77;-77;6;4;-77;-77;-77;-77;-77;-77;-77;-77;-77;-77;-77;-77;-77;7;-77;6;-77;4;-77;3;-77;-77;-77;-77;-77;-77;3;-77;-77;-77;2;-77;-77;7;-77;-77;2;6;-77;7;-77;-77;-77;-77;-77;-77;-77;-77;-77;-77;-77;-77;-77;-77;-77;-77;-77;-77;-77;-77;-77;-77;-77;-77;-77;-77;-77;-77;-77;-77;-77;-77;-77;-77;1;2;2;2;1;1;1;1;2;1;1;2;2;2;1;2;2;1;2;1;2;1;1;1;2;2;2;2;1;1;2;0;0;1;0;0;0;1;0;0;0;0;0;1;0;1
30;0;0;32;7015342;-77;-1;0;-77;7;-77;-77;-77;-77;-77;7;7;-77;-77;-77;-77;-77;-77;7;7;-77;-77;-77;-77;-77;-77;7;-77;-77;-77;-77;6;-77;7;-77;6;-77;-77;-77;-77;4;7;-77;-77;-77;7;-77;-77;-77;5;-77;-77;-77;-77;-77;-77;-77;-77;-77;-77;-77;-77;-77;-77;-77;-77;-77;-77;-77;-77;-77;-77;-77;-77;-77;-77;-77;-77;-77;-77;-77;-77;2;2;1;2;1;2;1;1;2;2;2;2;2;2;2;2;2;2;2;1;2;2;2;2;2;2;2;2;2;2;2;0;0;0;0;0;1;0;1;0;0;0;0;1;0;1
31;0;0;31;7015342;-77;278;0;4;-77;-77;-77;-77;-77;-77;7;-77;4;-77;-77;-77;-77;4;-77;1;-77;-77;-77;-77;-77;1;-77;4;-77;-77;4;-77;-77;-77;-77;-77;1;-77;-77;-77;-77;-77;-77;-77;4;1;-77;-77;-77;-77;7;-77;-77;-77;-77;-77;-77;-77;-77;-77;-77;-77;-77;-77;-77;-77;-77;-77;-77;-77;-77;-77;-77;-77;-77;-77;-77;-77;-77;-77;-77;-77;2;2;2;2;1;2;1;1;2;2;2;2;2;2;1;2;2;2;2;1;2;2;2;2;2;2;2;2;2;2;2;0;0;1;0;0;0;0;1;0;0;0;0;1;0;1
34;0;0;31;7015342;-77;333;0;-77;-77;-77;7;7;-77;-77;7;-77;-77;-77;-77;7;-77;-77;-77;-77;-77;-77;-77;-77;7;7;-77;-77;-77;-77;-77;-77;-77;-77;7;-77;7;-77;7;-77;7;7;-77;7;-77;7;-77;-77;-77;-77;-77;1;1;1;1;1;1;1;1;1;1;1;1;1;1;1;1;1;1;1;1;1;1;1;1;1;1;1;1;1;1;1;-77;-77;-77;-77;-77;-77;-77;-77;-77;-77;-77;-77;-77;-77;-77;-77;-77;-77;-77;-77;-77;-77;-77;-77;-77;-77;-77;-77;-77;-77;-77;0;0;0;0;1;0;0;1;0;0;0;0;1;0;1
36;0;0;31;7015342;-77;325;0;4;-77;-77;-77;1;-77;-77;-77;-77;-77;-77;7;-77;-77;-77;1;-77;-77;1;-77;1;-77;-77;-77;-77;1;-77;1;-77;-77;-77;-77;4;-77;-77;-77;-77;-77;-77;-77;-77;1;-77;4;-77;-77;4;-77;2;2;1;2;1;2;1;1;2;2;2;2;2;2;1;2;2;2;2;1;2;2;2;2;2;2;2;2;2;2;2;-77;-77;-77;-77;-77;-77;-77;-77;-77;-77;-77;-77;-77;-77;-77;-77;-77;-77;-77;-77;-77;-77;-77;-77;-77;-77;-77;-77;-77;-77;-77;0;0;0;0;1;0;1;0;0;0;0;0;1;0;1
37;0;0;31;7015342;-77;703;0;-77;7;-77;-77;-77;-77;-77;5;-77;-77;3;-77;-77;-77;-77;7;-77;7;-77;-77;-77;7;-77;-77;-77;-77;-77;7;-77;-77;-77;-77;7;-77;-77;2;4;-77;-77;-77;-77;7;2;-77;-77;-77;-77;-77;-77;-77;-77;-77;-77;-77;-77;-77;-77;-77;-77;-77;-77;-77;-77;-77;-77;-77;-77;-77;-77;-77;-77;-77;-77;-77;-77;-77;-77;-77;-77;2;2;1;2;1;2;1;1;2;2;2;2;2;2;1;2;2;2;2;1;2;2;2;2;2;2;2;2;2;2;2;0;0;1;0;0;0;1;0;0;0;0;0;1;0;1
39;0;0;31;7015342;-77;261;0;-77;-77;5;-77;3;-77;5;-77;-77;-77;-77;-77;4;-77;-77;-77;-77;-77;-77;-77;-77;6;-77;7;-77;-77;-77;6;-77;-77;-77;-77;6;-77;7;-77;-77;7;-77;-77;5;-77;-77;6;-77;-77;-77;-77;2;2;1;2;1;2;1;1;2;2;2;2;2;2;1;2;2;2;2;1;2;2;2;2;2;2;2;2;2;2;2;-77;-77;-77;-77;-77;-77;-77;-77;-77;-77;-77;-77;-77;-77;-77;-77;-77;-77;-77;-77;-77;-77;-77;-77;-77;-77;-77;-77;-77;-77;-77;0;0;1;0;0;0;1;0;0;0;0;1;0;0;1
40;0;0;31;7015342;-77;161;0;1;-77;-77;-77;-77;1;-77;1;-77;-77;-77;-77;-77;-77;1;-77;-77;-77;-77;-77;-77;1;1;-77;1;-77;-77;-77;-77;1;-77;-77;1;-77;-77;-77;-77;-77;1;-77;-77;-77;1;-77;-77;-77;1;-77;2;2;1;2;1;2;1;1;2;2;2;2;2;2;1;2;2;2;2;1;2;2;2;2;2;2;2;2;2;2;2;-77;-77;-77;-77;-77;-77;-77;-77;-77;-77;-77;-77;-77;-77;-77;-77;-77;-77;-77;-77;-77;-77;-77;-77;-77;-77;-77;-77;-77;-77;-77;0;0;0;0;0;1;0;1;0;0;0;0;1;0;1
43;0;0;31;7015342;-77;186;0;-77;3;5;-77;-77;-77;-77;-77;-77;5;-77;-77;-77;-77;-77;-77;6;-77;7;-77;-77;-77;4;-77;-77;-77;-77;-77;5;-77;-77;-77;5;-77;-77;4;4;-77;-77;3;-77;-77;7;-77;-77;-77;-77;-77;-77;-77;-77;-77;-77;-77;-77;-77;-77;-77;-77;-77;-77;-77;-77;-77;-77;-77;-77;-77;-77;-77;-77;-77;-77;-77;-77;-77;-77;-77;-77;2;2;1;2;1;2;1;1;2;2;2;2;2;2;2;2;2;2;2;1;2;2;2;2;2;2;2;2;2;2;2;0;0;1;0;0;0;1;0;0;0;0;0;1;0;1
44;0;0;31;7015342;-77;125;0;-77;-77;6;-77;-77;4;-77;6;-77;-77;-77;-77;5;-77;-77;-77;-77;-77;-77;-77;-77;5;5;-77;5;-77;5;-77;-77;-77;-77;-77;5;-77;-77;-77;-77;-77;-77;-77;-77;3;5;-77;-77;-77;5;-77;-77;-77;-77;-77;-77;-77;-77;-77;-77;-77;-77;-77;-77;-77;-77;-77;-77;-77;-77;-77;-77;-77;-77;-77;-77;-77;-77;-77;-77;-77;-77;1;1;1;2;1;1;1;2;1;2;1;2;1;1;1;1;1;2;2;1;1;1;1;2;2;1;1;1;1;1;1;0;1;0;0;0;0;1;0;0;0;0;0;1;1;0
45;0;0;31;7015342;-77;465;0;4;-77;-77;-77;-77;5;-77;5;-77;-77;-77;-77;-77;-77;-77;6;-77;-77;-77;-77;3;-77;-77;5;-77;4;-77;-77;-77;-77;7;-77;5;-77;-77;-77;-77;-77;6;-77;-77;7;-77;7;-77;-77;5;-77;-77;-77;-77;-77;-77;-77;-77;-77;-77;-77;-77;-77;-77;-77;-77;-77;-77;-77;-77;-77;-77;-77;-77;-77;-77;-77;-77;-77;-77;-77;-77;2;2;2;2;1;2;1;1;2;2;2;2;2;1;2;2;2;1;2;2;2;2;2;2;2;2;2;2;2;2;2;0;0;0;0;1;0;0;1;0;0;0;0;1;0;1
47;0;0;31;7015342;-77;117;0;4;-77;-77;-77;-77;-77;-77;1;-77;-77;-77;5;-77;-77;1;-77;-77;4;-77;-77;-77;7;-77;-77;-77;-77;-77;-77;-77;7;1;-77;-77;-77;7;-77;4;-77;-77;7;-77;-77;-77;1;7;-77;-77;-77;2;1;1;1;2;2;1;1;1;2;2;1;1;2;1;2;1;1;1;1;1;1;1;1;1;2;1;1;1;1;1;-77;-77;-77;-77;-77;-77;-77;-77;-77;-77;-77;-77;-77;-77;-77;-77;-77;-77;-77;-77;-77;-77;-77;-77;-77;-77;-77;-77;-77;-77;-77;0;0;0;1;0;0;0;1;0;0;1;0;1;1;1
48;0;0;31;7015342;-77;161;0;-77;1;-77;-77;-77;1;7;-77;-77;-77;-77;-77;-77;-77;1;-77;-77;-77;-77;-77;7;-77;-77;7;-77;-77;1;-77;1;-77;-77;-77;-77;-77;-77;1;1;-77;-77;-77;-77;-77;-77;1;-77;1;-77;-77;-77;-77;-77;-77;-77;-77;-77;-77;-77;-77;-77;-77;-77;-77;-77;-77;-77;-77;-77;-77;-77;-77;-77;-77;-77;-77;-77;-77;-77;-77;-77;1;1;1;1;1;1;1;1;1;1;1;1;1;1;1;1;1;1;1;1;1;1;1;1;1;1;1;1;1;1;1;0;1;1;0;0;0;0;1;0;0;0;0;1;0;1
49;0;0;32;7015342;-77;-1;0;-77;5;-77;-77;-77;-77;6;-77;6;-77;-77;-77;-77;-77;6;-77;-77;3;-77;-77;-77;-77;3;-77;4;-77;-77;6;-77;-77;7;-77;-77;-77;-77;-77;-77;-77;-77;-77;-77;5;-77;3;6;-77;-77;5;2;2;2;2;1;2;2;2;2;2;2;2;2;2;1;2;2;2;2;2;2;2;2;2;2;2;2;2;2;2;2;-77;-77;-77;-77;-77;-77;-77;-77;-77;-77;-77;-77;-77;-77;-77;-77;-77;-77;-77;-77;-77;-77;-77;-77;-77;-77;-77;-77;-77;-77;-77;0;0;0;0;1;0;0;1;0;0;0;0;1;0;1
52;0;0;31;7015342;-77;212;0;-77;-77;1;-77;-77;-77;-77;4;4;-77;-77;-77;7;-77;-77;-77;7;-77;-77;-77;-77;-77;-77;7;-77;-77;4;-77;-77;-77;4;-77;-77;-77;7;-77;-77;7;-77;-77;-77;7;7;-77;-77;7;-77;-77;-77;-77;-77;-77;-77;-77;-77;-77;-77;-77;-77;-77;-77;-77;-77;-77;-77;-77;-77;-77;-77;-77;-77;-77;-77;-77;-77;-77;-77;-77;-77;2;2;1;1;2;2;2;2;1;2;1;1;2;1;1;1;1;1;1;1;1;2;1;1;2;2;1;2;1;1;1;0;0;0;1;0;0;0;1;0;0;0;0;1;0;1
53;0;0;31;7015342;-77;479;0;-77;3;-77;-77;-77;-77;4;-77;-77;-77;-77;5;-77;-77;-77;6;5;-77;-77;-77;-77;1;-77;-77;-77;2;-77;-77;-77;-77;6;-77;-77;-77;5;-77;-77;-77;7;-77;-77;6;5;-77;-77;1;-77;-77;-77;-77;-77;-77;-77;-77;-77;-77;-77;-77;-77;-77;-77;-77;-77;-77;-77;-77;-77;-77;-77;-77;-77;-77;-77;-77;-77;-77;-77;-77;-77;1;2;1;2;1;2;1;1;2;2;2;2;2;2;1;2;2;2;2;1;2;2;2;2;2;2;2;2;2;2;2;0;0;0;1;0;0;0;1;0;0;0;0;1;0;1
55;0;0;31;7015342;-77;187;0;4;-77;-77;-77;-77;-77;5;-77;4;-77;-77;-77;-77;-77;4;-77;2;-77;-77;-77;-77;-77;5;-77;-77;3;4;-77;-77;-77;-77;3;-77;-77;-77;-77;-77;-77;-77;-77;-77;1;5;-77;3;-77;-77;4;2;2;2;2;1;2;1;2;2;2;2;2;2;2;1;2;2;2;2;1;2;2;2;2;2;2;2;2;2;2;2;-77;-77;-77;-77;-77;-77;-77;-77;-77;-77;-77;-77;-77;-77;-77;-77;-77;-77;-77;-77;-77;-77;-77;-77;-77;-77;-77;-77;-77;-77;-77;0;0;0;1;0;0;1;0;0;0;0;1;0;1;1
56;0;0;31;7015342;-77;248;0;-77;6;-77;-77;2;-77;-77;-77;2;-77;-77;-77;-77;-77;-77;5;-77;-77;6;-77;-77;-77;-77;6;-77;6;-77;-77;-77;-77;6;-77;-77;-77;-77;5;-77;-77;6;-77;3;-77;6;-77;-77;5;-77;-77;-77;-77;-77;-77;-77;-77;-77;-77;-77;-77;-77;-77;-77;-77;-77;-77;-77;-77;-77;-77;-77;-77;-77;-77;-77;-77;-77;-77;-77;-77;-77;2;2;1;2;1;2;1;1;2;2;2;2;2;2;1;2;2;2;2;1;2;2;2;2;2;2;2;2;2;2;2;0;1;0;0;0;0;1;0;0;0;0;1;0;0;1
58;0;0;31;7015342;-77;255;0;-77;-77;4;-77;-77;-77;6;-77;-77;-77;-77;5;-77;3;-77;-77;-77;7;-77;-77;4;-77;-77;-77;-77;2;-77;-77;-77;-77;4;-77;-77;-77;5;-77;-77;-77;6;-77;-77;1;3;-77;4;-77;-77;-77;2;2;1;2;1;2;1;1;2;2;2;2;2;2;1;2;2;2;2;1;2;2;2;2;2;2;2;2;2;2;2;-77;-77;-77;-77;-77;-77;-77;-77;-77;-77;-77;-77;-77;-77;-77;-77;-77;-77;-77;-77;-77;-77;-77;-77;-77;-77;-77;-77;-77;-77;-77;0;0;1;0;0;0;0;1;0;0;0;1;0;0;1
61;0;0;31;7015342;-77;162;0;1;-77;-77;-77;-77;6;6;-77;-77;-77;-77;-77;-77;-77;2;-77;-77;-77;-77;-77;-77;1;-77;7;-77;-77;-77;3;4;-77;-77;-77;-77;-77;7;-77;7;-77;-77;-77;-77;-77;7;-77;-77;1;-77;-77;-77;-77;-77;-77;-77;-77;-77;-77;-77;-77;-77;-77;-77;-77;-77;-77;-77;-77;-77;-77;-77;-77;-77;-77;-77;-77;-77;-77;-77;-77;-77;2;2;2;2;1;2;1;1;2;2;2;2;2;2;2;2;2;2;2;1;2;2;2;2;2;2;2;2;2;2;2;0;1;0;0;0;0;0;0;1;0;0;1;0;0;1
62;0;0;31;7015342;-77;405;0;5;-77;-77;3;-77;-77;-77;-77;4;-77;-77;-77;-77;-77;-77;-77;-77;4;6;-77;-77;-77;-77;4;6;-77;-77;-77;-77;-77;-77;-77;5;-77;-77;5;-77;-77;6;-77;6;-77;6;-77;-77;-77;-77;-77;-77;-77;-77;-77;-77;-77;-77;-77;-77;-77;-77;-77;-77;-77;-77;-77;-77;-77;-77;-77;-77;-77;-77;-77;-77;-77;-77;-77;-77;-77;-77;2;1;2;2;1;2;1;1;2;2;1;2;2;2;2;1;2;2;2;1;2;2;2;2;2;2;2;2;2;1;2;0;1;0;0;0;0;1;0;0;0;1;0;0;0;1
63;0;0;31;7015342;-77;207;0;-77;-77;-77;4;-77;-77;-77;-77;-77;4;4;-77;4;-77;-77;-77;5;-77;4;-77;-77;-77;-77;-77;-77;-77;4;-77;-77;4;-77;-77;-77;-77;-77;4;-77;4;-77;-77;-77;-77;-77;4;4;-77;-77;-77;-77;-77;-77;-77;-77;-77;-77;-77;-77;-77;-77;-77;-77;-77;-77;-77;-77;-77;-77;-77;-77;-77;-77;-77;-77;-77;-77;-77;-77;-77;-77;2;2;2;2;1;2;1;1;2;2;2;2;2;2;1;2;2;2;2;1;2;2;2;2;2;2;2;2;2;2;2;0;1;0;0;0;0;0;1;0;1;0;0;0;0;1
64;0;0;31;7015342;-77;191;0;-77;-77;-77;4;-77;-77;-77;4;-77;-77;-77;7;4;-77;-77;-77;7;-77;-77;-77;-77;1;-77;-77;-77;4;-77;-77;-77;4;-77;-77;4;-77;-77;-77;-77;-77;4;-77;-77;-77;-77;4;-77;-77;4;-77;-77;-77;-77;-77;-77;-77;-77;-77;-77;-77;-77;-77;-77;-77;-77;-77;-77;-77;-77;-77;-77;-77;-77;-77;-77;-77;-77;-77;-77;-77;-77;2;2;2;2;2;2;2;2;2;2;2;2;2;2;2;2;2;2;2;2;2;2;2;2;2;2;2;2;2;2;2;0;1;0;0;0;0;1;0;0;0;1;0;0;0;1
65;0;0;31;7015342;-77;215;0;-77;-77;-77;-77;5;-77;5;-77;-77;4;-77;-77;5;-77;5;-77;-77;-77;-77;-77;-77;-77;5;-77;-77;-77;-77;5;-77;-77;-77;-77;-77;4;4;-77;-77;5;-77;-77;3;-77;4;-77;-77;-77;-77;-77;-77;-77;-77;-77;-77;-77;-77;-77;-77;-77;-77;-77;-77;-77;-77;-77;-77;-77;-77;-77;-77;-77;-77;-77;-77;-77;-77;-77;-77;-77;-77;2;2;2;2;1;2;1;1;2;2;2;2;2;2;1;2;2;2;2;1;2;2;2;2;2;2;2;2;2;2;2;0;1;0;0;0;0;1;0;0;1;0;0;0;0;1
66;0;0;31;7015342;-77;246;0;-77;7;-77;-77;-77;4;-77;-77;7;-77;-77;-77;-77;-77;4;-77;-77;-77;-77;1;-77;-77;-77;5;-77;-77;-77;6;7;-77;-77;7;-77;-77;-77;-77;-77;7;-77;-77;-77;-77;7;-77;7;-77;7;-77;-77;-77;-77;-77;-77;-77;-77;-77;-77;-77;-77;-77;-77;-77;-77;-77;-77;-77;-77;-77;-77;-77;-77;-77;-77;-77;-77;-77;-77;-77;-77;2;2;2;2;2;2;2;2;2;2;2;2;2;2;2;2;2;2;2;2;2;2;2;2;2;2;2;2;2;2;2;0;0;1;0;0;0;1;0;0;0;1;0;0;0;1
67;0;0;31;7015342;-77;316;0;-77;2;-77;-77;4;-77;-77;3;-77;-77;-77;-77;-77;-77;3;-77;-77;-77;-77;-77;4;-77;-77;6;-77;-77;-77;-77;5;-77;-77;-77;5;-77;6;-77;2;-77;5;-77;-77;-77;-77;3;-77;-77;-77;-77;2;2;2;2;1;2;2;1;2;2;2;2;2;2;1;2;2;2;2;1;2;2;2;2;2;2;2;2;2;2;2;-77;-77;-77;-77;-77;-77;-77;-77;-77;-77;-77;-77;-77;-77;-77;-77;-77;-77;-77;-77;-77;-77;-77;-77;-77;-77;-77;-77;-77;-77;-77;0;1;0;0;0;0;0;1;0;0;1;0;0;0;1
68;0;0;32;7015342;-77;-1;0;-77;-77;6;-77;-77;-77;-77;-77;5;-77;6;-77;3;-77;-77;-77;-77;4;5;-77;-77;-77;-77;-77;5;-77;-77;6;-77;-77;-77;-77;5;-77;-77;-77;-77;-77;-77;-77;-77;3;-77;2;-77;-77;-77;2;2;2;1;2;1;2;1;1;2;2;2;2;2;2;1;2;2;2;2;1;2;2;2;2;2;2;2;2;2;2;2;-77;-77;-77;-77;-77;-77;-77;-77;-77;-77;-77;-77;-77;-77;-77;-77;-77;-77;-77;-77;-77;-77;-77;-77;-77;-77;-77;-77;-77;-77;-77;0;1;0;0;0;0;0;1;0;0;1;0;0;0;1
71;0;0;31;7015342;-77;146;0;-77;-77;1;-77;-77;1;-77;-77;-77;1;-77;-77;-77;1;-77;-77;-77;-77;-77;4;-77;-77;7;-77;1;-77;4;-77;-77;-77;-77;-77;-77;-77;1;-77;-77;-77;-77;-77;1;-77;-77;7;4;-77;-77;-77;-77;-77;-77;-77;-77;-77;-77;-77;-77;-77;-77;-77;-77;-77;-77;-77;-77;-77;-77;-77;-77;-77;-77;-77;-77;-77;-77;-77;-77;-77;-77;2;2;2;2;1;2;1;2;2;2;2;2;2;2;2;2;2;2;2;1;2;2;2;2;2;2;2;2;2;2;2;0;1;0;0;0;0;0;1;0;0;1;1;0;0;1
69;0;0;32;7015342;-77;-1;0;-77;3;-77;4;-77;-77;-77;5;-77;-77;-77;-77;-77;-77;-77;-77;1;-77;-77;-77;-77;1;-77;4;-77;-77;3;-77;4;-77;-77;-77;6;-77;-77;-77;6;-77;-77;-77;-77;-77;3;-77;-77;-77;-77;5;2;2;1;2;2;2;1;1;2;2;2;2;2;2;1;2;2;1;1;1;2;2;1;1;2;2;2;2;1;2;1;-77;-77;-77;-77;-77;-77;-77;-77;-77;-77;-77;-77;-77;-77;-77;-77;-77;-77;-77;-77;-77;-77;-77;-77;-77;-77;-77;-77;-77;-77;-77;1;0;0;0;0;0;1;0;0;1;0;0;0;0;1
70;0;0;31;7015342;-77;247;0;6;-77;4;-77;-77;-77;-77;-77;-77;7;-77;-77;-77;-77;-77;-77;-77;4;5;-77;-77;-77;5;-77;-77;-77;-77;4;-77;5;-77;-77;-77;-77;6;-77;3;-77;-77;-77;-77;-77;-77;3;3;-77;-77;-77;-77;-77;-77;-77;-77;-77;-77;-77;-77;-77;-77;-77;-77;-77;-77;-77;-77;-77;-77;-77;-77;-77;-77;-77;-77;-77;-77;-77;-77;-77;-77;2;2;2;2;1;2;1;1;2;2;2;2;2;2;1;2;2;2;2;1;2;2;2;2;2;2;2;2;2;2;2;0;1;0;0;0;0;1;0;0;1;0;0;0;0;1
73;0;0;31;7015342;-77;317;0;5;-77;-77;7;5;-77;-77;-77;-77;-77;-77;-77;-77;-77;-77;-77;-77;-77;6;-77;-77;4;4;-77;-77;-77;-77;6;-77;-77;-77;-77;-77;5;7;-77;4;-77;-77;-77;-77;4;-77;5;-77;-77;-77;-77;2;2;1;2;1;2;1;1;2;2;2;2;2;2;1;2;2;1;2;1;2;2;2;2;2;2;2;1;1;2;2;-77;-77;-77;-77;-77;-77;-77;-77;-77;-77;-77;-77;-77;-77;-77;-77;-77;-77;-77;-77;-77;-77;-77;-77;-77;-77;-77;-77;-77;-77;-77;0;1;0;0;0;0;0;1;0;0;0;0;1;0;1
75;0;0;31;7015342;-77;168;0;-77;4;-77;-77;-77;-77;-77;7;-77;-77;4;-77;-77;-77;-77;5;-77;5;-77;-77;-77;3;-77;-77;-77;-77;-77;-77;-77;5;-77;-77;-77;3;-77;4;-77;5;5;-77;-77;-77;7;-77;-77;-77;-77;-77;2;2;2;2;1;2;1;1;2;2;2;2;2;2;1;2;2;2;2;1;2;2;2;2;2;2;2;2;2;2;2;-77;-77;-77;-77;-77;-77;-77;-77;-77;-77;-77;-77;-77;-77;-77;-77;-77;-77;-77;-77;-77;-77;-77;-77;-77;-77;-77;-77;-77;-77;-77;0;1;0;0;0;0;1;0;0;0;0;1;0;0;1
74;0;0;31;7015342;-77;146;0;-77;4;-77;-77;4;-77;-77;-77;-77;-77;-77;7;-77;-77;-77;7;-77;-77;-77;4;7;-77;-77;-77;7;-77;-77;7;-77;-77;-77;-77;-77;-77;4;-77;-77;-77;-77;-77;7;-77;-77;4;7;-77;-77;-77;-77;-77;-77;-77;-77;-77;-77;-77;-77;-77;-77;-77;-77;-77;-77;-77;-77;-77;-77;-77;-77;-77;-77;-77;-77;-77;-77;-77;-77;-77;-77;2;2;2;2;1;2;2;1;2;2;1;2;2;2;1;2;1;1;1;1;2;2;2;2;2;2;2;1;2;2;2;0;1;0;0;0;0;1;0;0;0;1;0;0;0;1
76;0;0;31;7015342;-77;251;0;-77;4;-77;-77;-77;4;-77;-77;-77;-77;5;-77;-77;-77;-77;6;-77;-77;-77;3;7;-77;-77;-77;6;-77;6;-77;-77;-77;-77;-77;-77;4;-77;-77;-77;-77;-77;-77;-77;3;4;-77;-77;-77;-77;6;2;2;1;2;1;2;1;1;2;2;2;2;2;2;1;2;2;2;2;1;2;2;2;2;2;2;2;2;2;2;2;-77;-77;-77;-77;-77;-77;-77;-77;-77;-77;-77;-77;-77;-77;-77;-77;-77;-77;-77;-77;-77;-77;-77;-77;-77;-77;-77;-77;-77;-77;-77;0;0;1;0;0;0;1;0;0;0;1;0;0;0;1
77;0;0;31;7015342;-77;219;0;-77;3;5;-77;-77;4;-77;-77;-77;-77;-77;-77;-77;-77;-77;-77;-77;-77;-77;2;-77;4;6;-77;-77;-77;-77;4;-77;-77;3;-77;-77;6;-77;-77;4;-77;-77;-77;4;-77;4;-77;-77;-77;-77;5;-77;-77;-77;-77;-77;-77;-77;-77;-77;-77;-77;-77;-77;-77;-77;-77;-77;-77;-77;-77;-77;-77;-77;-77;-77;-77;-77;-77;-77;-77;-77;2;2;1;2;2;2;1;1;2;2;2;2;2;2;1;2;2;2;2;1;2;2;2;2;2;2;2;2;2;2;2;0;1;0;0;0;0;0;1;0;0;0;1;0;1;0
78;0;0;31;7015342;-77;289;0;-77;-77;-77;6;-77;-77;6;-77;-77;-77;6;-77;-77;6;-77;-77;4;-77;-77;-77;4;-77;-77;-77;6;-77;-77;-77;4;-77;-77;-77;4;-77;-77;-77;-77;-77;7;-77;-77;-77;-77;7;-77;-77;-77;7;-77;-77;-77;-77;-77;-77;-77;-77;-77;-77;-77;-77;-77;-77;-77;-77;-77;-77;-77;-77;-77;-77;-77;-77;-77;-77;-77;-77;-77;-77;-77;2;2;2;2;1;2;1;1;2;2;2;2;2;2;2;2;2;2;2;1;2;2;2;2;2;2;2;2;2;2;2;0;0;1;0;0;0;1;0;0;0;0;1;0;1;0
79;0;0;31;7015342;-77;251;0;-77;-77;-77;-77;3;-77;4;-77;-77;-77;3;-77;3;-77;3;-77;-77;-77;-77;-77;3;-77;-77;-77;-77;-77;-77;-77;3;-77;4;-77;-77;5;-77;-77;-77;2;3;-77;-77;-77;3;-77;-77;-77;-77;2;-77;-77;-77;-77;-77;-77;-77;-77;-77;-77;-77;-77;-77;-77;-77;-77;-77;-77;-77;-77;-77;-77;-77;-77;-77;-77;-77;-77;-77;-77;-77;2;2;2;2;2;2;1;1;2;2;2;2;2;2;1;2;2;2;2;1;2;2;2;2;2;2;2;2;2;2;2;0;0;1;0;0;0;1;0;0;0;0;0;1;0;1
80;0;0;31;7015342;-77;237;0;-77;-77;3;-77;-77;4;-77;6;-77;-77;-77;-77;3;-77;-77;-77;-77;-77;-77;-77;5;-77;-77;1;-77;-77;6;-77;-77;-77;7;-77;-77;-77;-77;2;-77;6;-77;-77;-77;6;7;-77;-77;7;-77;-77;2;2;1;2;1;2;1;1;2;2;2;2;2;2;1;2;2;2;2;1;2;2;2;2;2;2;2;2;2;2;2;-77;-77;-77;-77;-77;-77;-77;-77;-77;-77;-77;-77;-77;-77;-77;-77;-77;-77;-77;-77;-77;-77;-77;-77;-77;-77;-77;-77;-77;-77;-77;0;1;0;0;0;0;1;0;0;0;0;1;0;0;1
82;0;0;31;7015342;-77;139;0;-77;-77;-77;2;-77;2;-77;-77;4;-77;-77;-77;3;-77;-77;-77;-77;-77;4;-77;-77;-77;-77;3;-77;-77;-77;-77;-77;3;5;-77;-77;-77;-77;4;5;-77;5;-77;-77;-77;5;-77;5;-77;-77;-77;-77;-77;-77;-77;-77;-77;-77;-77;-77;-77;-77;-77;-77;-77;-77;-77;-77;-77;-77;-77;-77;-77;-77;-77;-77;-77;-77;-77;-77;-77;-77;2;2;2;2;1;2;1;1;2;2;2;2;2;2;2;2;2;2;2;2;2;2;2;2;2;2;2;2;2;2;2;0;1;0;0;0;0;1;0;0;0;0;1;0;0;1
83;0;0;31;7015342;-77;181;0;-77;-77;3;-77;-77;3;2;-77;-77;-77;-77;-77;-77;4;-77;-77;-77;-77;-77;-77;-77;5;5;-77;-77;3;-77;-77;-77;-77;3;-77;-77;-77;3;-77;-77;-77;-77;1;3;-77;2;-77;-77;5;-77;-77;2;2;1;2;1;2;1;1;2;2;2;2;2;2;1;2;2;2;2;1;2;2;2;2;2;2;2;2;2;2;2;-77;-77;-77;-77;-77;-77;-77;-77;-77;-77;-77;-77;-77;-77;-77;-77;-77;-77;-77;-77;-77;-77;-77;-77;-77;-77;-77;-77;-77;-77;-77;0;0;1;0;0;0;0;1;0;0;0;1;0;0;1
85;0;0;31;7015342;-77;209;0;-77;-77;4;-77;-77;-77;6;-77;-77;-77;-77;5;-77;4;-77;-77;-77;3;-77;-77;3;-77;-77;-77;-77;-77;-77;3;-77;-77;7;-77;5;-77;-77;-77;5;-77;-77;-77;3;-77;-77;2;-77;-77;5;-77;-77;-77;-77;-77;-77;-77;-77;-77;-77;-77;-77;-77;-77;-77;-77;-77;-77;-77;-77;-77;-77;-77;-77;-77;-77;-77;-77;-77;-77;-77;-77;2;2;2;2;2;2;1;1;2;2;2;2;2;2;2;2;2;2;2;1;2;2;2;2;2;2;2;2;2;2;2;0;1;0;0;0;0;1;0;0;0;0;1;0;0;1
86;0;0;31;7015342;-77;167;0;-77;2;-77;-77;-77;-77;3;-77;4;-77;-77;-77;-77;-77;4;-77;5;-77;-77;-77;-77;-77;4;-77;-77;-77;-77;5;-77;-77;-77;3;-77;5;-77;-77;6;-77;-77;-77;4;-77;6;-77;-77;-77;-77;3;2;2;1;2;1;2;1;1;2;2;2;2;2;2;1;2;2;2;2;1;2;2;2;2;2;2;2;2;2;2;2;-77;-77;-77;-77;-77;-77;-77;-77;-77;-77;-77;-77;-77;-77;-77;-77;-77;-77;-77;-77;-77;-77;-77;-77;-77;-77;-77;-77;-77;-77;-77;0;0;1;0;0;0;0;1;0;0;0;0;1;0;1
87;0;0;32;7015342;-77;-1;0;-77;-77;-77;4;-77;4;-77;-77;6;-77;-77;-77;5;-77;-77;-77;-77;-77;-77;4;-77;-77;-77;5;-77;3;-77;4;-77;-77;-77;-77;-77;4;-77;-77;-77;-77;-77;-77;-77;3;-77;5;-77;-77;-77;2;1;2;2;1;1;2;1;1;2;1;1;1;2;1;1;2;2;1;2;1;1;1;1;1;1;1;2;1;1;1;2;-77;-77;-77;-77;-77;-77;-77;-77;-77;-77;-77;-77;-77;-77;-77;-77;-77;-77;-77;-77;-77;-77;-77;-77;-77;-77;-77;-77;-77;-77;-77;0;0;0;1;0;0;1;0;0;0;0;0;1;0;1
88;0;0;31;7015342;-77;177;0;5;-77;-77;-77;-77;-77;-77;-77;5;-77;-77;3;-77;-77;3;-77;-77;5;-77;2;-77;-77;-77;-77;7;-77;-77;-77;-77;-77;-77;6;-77;-77;-77;5;-77;-77;6;-77;-77;4;6;-77;6;-77;-77;-77;-77;-77;-77;-77;-77;-77;-77;-77;-77;-77;-77;-77;-77;-77;-77;-77;-77;-77;-77;-77;-77;-77;-77;-77;-77;-77;-77;-77;-77;-77;-77;2;2;2;2;2;2;2;2;2;2;2;2;2;2;2;2;2;2;2;2;2;2;2;2;2;2;2;2;2;2;2;0;1;0;0;0;0;1;0;0;0;0;1;0;1;0
90;0;0;31;7015342;-77;238;0;-77;5;-77;-77;7;-77;-77;-77;-77;7;-77;-77;-77;-77;-77;6;-77;-77;-77;5;-77;-77;4;-77;-77;-77;-77;4;7;-77;-77;-77;-77;5;-77;-77;7;-77;-77;-77;-77;-77;-77;7;-77;-77;-77;1;2;2;1;2;1;2;1;1;2;2;2;2;2;2;2;2;2;2;2;1;2;2;2;2;2;2;2;2;2;2;2;-77;-77;-77;-77;-77;-77;-77;-77;-77;-77;-77;-77;-77;-77;-77;-77;-77;-77;-77;-77;-77;-77;-77;-77;-77;-77;-77;-77;-77;-77;-77;0;0;1;0;0;0;0;1;0;0;0;0;1;0;1
91;0;0;31;7015342;-77;155;0;-77;-77;-77;5;-77;-77;-77;6;-77;-77;4;-77;3;-77;-77;-77;4;-77;-77;-77;-77;5;-77;-77;-77;4;-77;-77;-77;-77;6;-77;-77;6;-77;-77;-77;-77;6;-77;-77;6;6;-77;-77;-77;3;-77;-77;-77;-77;-77;-77;-77;-77;-77;-77;-77;-77;-77;-77;-77;-77;-77;-77;-77;-77;-77;-77;-77;-77;-77;-77;-77;-77;-77;-77;-77;-77;2;2;1;2;1;2;1;1;2;2;2;2;2;2;1;2;2;2;2;1;2;2;2;2;2;2;2;2;2;2;2;0;1;0;0;0;0;1;0;0;0;0;1;0;1;0
92;0;0;31;7015342;-77;157;0;-77;5;-77;-77;6;-77;-77;4;-77;-77;-77;-77;-77;-77;-77;6;-77;-77;-77;-77;5;-77;-77;4;-77;-77;-77;5;6;-77;-77;-77;5;-77;-77;-77;6;-77;-77;-77;-77;-77;-77;6;-77;-77;4;-77;2;2;1;2;1;2;2;1;2;2;2;2;2;2;1;2;2;2;2;1;2;2;2;2;2;2;2;2;2;2;2;-77;-77;-77;-77;-77;-77;-77;-77;-77;-77;-77;-77;-77;-77;-77;-77;-77;-77;-77;-77;-77;-77;-77;-77;-77;-77;-77;-77;-77;-77;-77;0;1;0;0;0;0;1;0;0;0;0;1;0;1;0
93;0;0;31;7015342;-77;278;0;6;-77;7;-77;-77;-77;7;-77;-77;-77;-77;-77;-77;-77;-77;-77;-77;4;-77;-77;7;-77;-77;5;-77;-77;-77;6;-77;-77;7;-77;-77;7;-77;-77;-77;3;-77;-77;4;-77;-77;6;-77;-77;-77;4;-77;-77;-77;-77;-77;-77;-77;-77;-77;-77;-77;-77;-77;-77;-77;-77;-77;-77;-77;-77;-77;-77;-77;-77;-77;-77;-77;-77;-77;-77;-77;2;2;2;2;1;2;1;1;2;2;2;2;2;2;1;2;2;2;2;1;2;2;2;2;2;2;2;2;2;2;2;0;0;1;0;0;0;1;0;0;0;0;0;1;0;1
94;0;0;31;7015342;-77;388;0;-77;-77;3;-77;3;-77;-77;-77;-77;4;-77;-77;-77;3;-77;-77;-77;-77;-77;5;-77;-77;4;-77;-77;-77;4;-77;-77;-77;-77;5;-77;-77;-77;2;-77;3;-77;-77;-77;5;2;-77;-77;4;-77;-77;2;2;1;2;1;2;1;1;2;2;2;2;2;2;2;2;2;2;2;1;2;2;2;2;2;2;2;2;2;2;2;-77;-77;-77;-77;-77;-77;-77;-77;-77;-77;-77;-77;-77;-77;-77;-77;-77;-77;-77;-77;-77;-77;-77;-77;-77;-77;-77;-77;-77;-77;-77;0;0;1;0;0;0;0;1;0;0;0;0;1;0;1
96;0;0;31;7015342;-77;255;0;3;-77;-77;-77;-77;2;-77;6;-77;-77;-77;-77;-77;-77;6;-77;-77;-77;-77;-77;4;-77;-77;3;4;-77;3;-77;-77;4;-77;-77;-77;-77;-77;-77;-77;-77;-77;-77;-77;-77;6;-77;-77;2;-77;4;-77;-77;-77;-77;-77;-77;-77;-77;-77;-77;-77;-77;-77;-77;-77;-77;-77;-77;-77;-77;-77;-77;-77;-77;-77;-77;-77;-77;-77;-77;-77;2;2;2;2;1;2;1;1;2;2;2;2;2;2;1;2;2;2;2;1;2;2;2;2;2;2;2;2;2;2;2;0;0;0;1;0;0;0;1;0;0;0;0;1;1;1
97;0;0;31;7015342;-77;168;0;-77;5;-77;5;-77;-77;-77;-77;-77;-77;4;-77;-77;-77;-77;-77;-77;5;-77;6;-77;6;-77;-77;-77;-77;-77;-77;-77;2;4;-77;5;-77;-77;-77;5;-77;4;-77;-77;-77;-77;3;-77;-77;3;-77;-77;-77;-77;-77;-77;-77;-77;-77;-77;-77;-77;-77;-77;-77;-77;-77;-77;-77;-77;-77;-77;-77;-77;-77;-77;-77;-77;-77;-77;-77;-77;2;2;2;2;1;2;1;1;2;2;2;2;2;2;1;2;2;2;2;1;2;2;2;2;2;2;2;2;2;2;2;0;0;1;0;0;0;1;0;0;0;1;0;0;0;1
98;0;0;31;7015342;-77;144;0;-77;6;-77;-77;-77;-77;5;-77;-77;-77;-77;5;-77;-77;5;-77;-77;5;-77;-77;-77;3;-77;-77;-77;-77;5;-77;-77;-77;5;-77;-77;-77;-77;3;-77;6;-77;-77;6;-77;6;-77;-77;6;-77;-77;2;2;2;2;2;2;1;2;2;2;2;2;2;2;2;2;2;2;2;1;2;2;2;2;2;2;2;2;2;2;2;-77;-77;-77;-77;-77;-77;-77;-77;-77;-77;-77;-77;-77;-77;-77;-77;-77;-77;-77;-77;-77;-77;-77;-77;-77;-77;-77;-77;-77;-77;-77;0;0;1;0;0;0;1;0;0;0;0;0;1;1;0
99;0;0;31;7015342;-77;158;0;-77;4;-77;-77;-77;-77;-77;6;-77;-77;-77;3;-77;-77;5;-77;-77;4;-77;-77;5;-77;-77;-77;-77;6;-77;-77;-77;-77;-77;-77;-77;5;4;-77;-77;-77;5;-77;-77;5;-77;6;-77;-77;-77;-77;2;2;1;2;1;2;1;1;2;2;2;2;2;2;1;2;2;2;2;1;2;2;2;2;2;2;2;2;2;2;2;-77;-77;-77;-77;-77;-77;-77;-77;-77;-77;-77;-77;-77;-77;-77;-77;-77;-77;-77;-77;-77;-77;-77;-77;-77;-77;-77;-77;-77;-77;-77;0;1;0;0;0;0;1;0;0;0;0;1;0;0;1
100;0;0;31;7015342;-77;215;0;-77;-77;6;-77;-77;-77;-77;5;-77;-77;-77;3;6;-77;-77;-77;2;-77;-77;-77;3;-77;-77;-77;-77;1;-77;-77;2;-77;6;-77;-77;-77;-77;-77;-77;-77;-77;6;-77;-77;6;-77;-77;6;-77;4;-77;-77;-77;-77;-77;-77;-77;-77;-77;-77;-77;-77;-77;-77;-77;-77;-77;-77;-77;-77;-77;-77;-77;-77;-77;-77;-77;-77;-77;-77;-77;2;2;1;2;1;2;1;1;2;2;2;2;2;2;1;2;2;2;2;1;2;2;2;2;2;2;2;2;2;2;2;0;0;1;0;0;0;1;0;0;0;0;1;0;1;0
101;0;0;31;7015342;-77;343;0;-77;4;5;-77;-77;-77;-77;-77;-77;6;-77;-77;-77;-77;-77;-77;-77;3;-77;5;-77;-77;4;-77;-77;3;-77;-77;-77;-77;-77;-77;6;-77;-77;4;-77;-77;7;-77;5;-77;5;-77;-77;-77;-77;-77;-77;-77;-77;-77;-77;-77;-77;-77;-77;-77;-77;-77;-77;-77;-77;-77;-77;-77;-77;-77;-77;-77;-77;-77;-77;-77;-77;-77;-77;-77;-77;2;2;1;2;2;2;1;2;2;2;2;2;2;2;1;2;2;2;2;1;2;2;2;2;2;2;2;2;2;2;2;0;0;1;0;0;0;0;1;0;0;0;0;1;0;1
103;0;0;31;7015342;-77;342;0;-77;2;-77;-77;7;-77;-77;-77;-77;-77;-77;6;-77;-77;7;-77;-77;-77;4;-77;-77;5;-77;-77;6;-77;7;-77;-77;-77;-77;-77;-77;3;-77;-77;-77;-77;-77;-77;-77;7;5;-77;-77;-77;-77;4;2;2;1;2;1;2;1;2;2;2;2;2;2;2;1;2;2;2;2;1;2;2;2;2;2;2;2;2;2;2;2;-77;-77;-77;-77;-77;-77;-77;-77;-77;-77;-77;-77;-77;-77;-77;-77;-77;-77;-77;-77;-77;-77;-77;-77;-77;-77;-77;-77;-77;-77;-77;0;0;1;0;0;0;1;0;0;0;0;1;0;0;1
105;0;0;31;7015342;-77;176;0;-77;-77;-77;-77;-77;-77;6;-77;7;-77;2;-77;4;-77;-77;6;-77;4;-77;-77;-77;-77;-77;-77;-77;-77;-77;4;-77;4;6;-77;-77;-77;-77;-77;5;-77;-77;-77;-77;-77;6;-77;-77;6;-77;5;-77;-77;-77;-77;-77;-77;-77;-77;-77;-77;-77;-77;-77;-77;-77;-77;-77;-77;-77;-77;-77;-77;-77;-77;-77;-77;-77;-77;-77;-77;-77;1;2;2;2;1;2;2;1;2;2;2;2;2;2;1;2;2;1;2;1;2;2;2;2;2;2;2;2;2;2;2;0;0;1;0;0;0;0;1;0;0;0;0;1;0;1
106;0;0;31;7015342;-77;247;0;-77;-77;-77;-77;-77;3;-77;-77;7;-77;-77;3;3;-77;-77;5;-77;-77;5;-77;-77;-77;-77;-77;-77;-77;-77;-77;-77;-77;-77;3;-77;6;-77;3;2;-77;-77;5;3;-77;6;-77;-77;-77;-77;-77;-77;-77;-77;-77;-77;-77;-77;-77;-77;-77;-77;-77;-77;-77;-77;-77;-77;-77;-77;-77;-77;-77;-77;-77;-77;-77;-77;-77;-77;-77;-77;2;2;2;2;1;2;1;1;2;2;2;2;2;2;1;2;2;1;2;1;2;2;2;2;2;2;2;2;2;2;2;0;0;1;0;0;0;1;0;0;0;0;0;1;0;1
107;0;0;31;7015342;-77;549;0;-77;4;5;-77;-77;-77;-77;3;-77;-77;-77;-77;-77;-77;-77;-77;-77;6;-77;-77;4;-77;-77;5;-77;1;4;-77;-77;-77;-77;-77;-77;-77;5;-77;-77;-77;-77;-77;5;-77;-77;4;-77;2;-77;-77;2;2;2;2;1;2;1;1;2;2;2;2;2;2;1;2;2;2;2;1;2;2;2;2;2;2;2;2;2;2;2;-77;-77;-77;-77;-77;-77;-77;-77;-77;-77;-77;-77;-77;-77;-77;-77;-77;-77;-77;-77;-77;-77;-77;-77;-77;-77;-77;-77;-77;-77;-77;0;0;0;0;1;0;0;1;0;0;0;0;1;0;1
108;0;0;31;7015342;-77;207;0;-77;3;-77;-77;-77;4;-77;-77;3;-77;-77;-77;-77;-77;-77;3;-77;-77;4;-77;-77;-77;-77;2;-77;-77;-77;6;-77;-77;-77;5;5;-77;-77;-77;3;-77;-77;-77;-77;4;-77;4;-77;-77;-77;5;2;2;1;2;1;2;1;1;2;2;2;2;2;2;1;2;2;2;2;1;2;2;2;2;2;2;2;2;2;2;2;-77;-77;-77;-77;-77;-77;-77;-77;-77;-77;-77;-77;-77;-77;-77;-77;-77;-77;-77;-77;-77;-77;-77;-77;-77;-77;-77;-77;-77;-77;-77;0;1;0;0;0;0;0;1;0;0;1;0;0;1;0
109;0;0;31;7015342;-77;87;0;-77;-77;6;-77;-77;-77;-77;-77;4;-77;2;-77;4;-77;-77;-77;-77;6;1;-77;-77;-77;-77;-77;-77;-77;-77;-77;6;-77;6;-77;1;-77;-77;-77;3;-77;-77;7;-77;-77;-77;1;-77;-77;7;-77;1;2;2;2;1;1;2;1;1;1;1;2;1;1;2;2;1;2;2;2;2;2;2;2;1;1;1;1;1;2;1;-77;-77;-77;-77;-77;-77;-77;-77;-77;-77;-77;-77;-77;-77;-77;-77;-77;-77;-77;-77;-77;-77;-77;-77;-77;-77;-77;-77;-77;-77;-77;0;0;1;0;0;0;0;1;0;0;0;0;1;1;0
111;0;0;31;7015342;-77;121;0;-77;-77;-77;-77;5;-77;-77;-77;5;-77;5;-77;5;-77;-77;6;-77;-77;-77;5;-77;-77;-77;-77;-77;5;-77;-77;5;-77;-77;-77;-77;6;-77;-77;-77;-77;6;-77;-77;-77;5;-77;-77;-77;-77;2;-77;-77;-77;-77;-77;-77;-77;-77;-77;-77;-77;-77;-77;-77;-77;-77;-77;-77;-77;-77;-77;-77;-77;-77;-77;-77;-77;-77;-77;-77;-77;2;2;1;2;1;2;1;2;2;2;2;2;2;2;1;2;2;2;2;1;2;2;2;2;2;2;2;2;2;2;2;0;1;0;0;0;0;1;0;0;0;1;0;0;1;0
112;0;0;31;7015342;-77;172;0;1;-77;-77;1;-77;-77;-77;-77;4;-77;-77;-77;-77;-77;-77;-77;5;-77;-77;4;-77;-77;-77;6;-77;4;-77;-77;-77;-77;-77;5;5;-77;-77;-77;-77;-77;6;-77;-77;3;3;-77;-77;-77;-77;4;2;2;1;2;1;2;2;1;2;2;2;2;2;2;1;2;2;2;2;1;2;2;2;2;2;2;2;2;2;2;2;-77;-77;-77;-77;-77;-77;-77;-77;-77;-77;-77;-77;-77;-77;-77;-77;-77;-77;-77;-77;-77;-77;-77;-77;-77;-77;-77;-77;-77;-77;-77;0;1;0;0;0;0;1;0;0;1;0;0;0;0;1
113;0;0;31;7015342;-77;266;0;-77;-77;-77;-77;-77;-77;2;-77;-77;5;-77;2;-77;7;-77;5;3;-77;-77;-77;-77;-77;-77;-77;-77;-77;3;-77;-77;-77;-77;-77;-77;5;2;-77;5;-77;-77;-77;-77;3;5;-77;-77;-77;-77;-77;-77;-77;-77;-77;-77;-77;-77;-77;-77;-77;-77;-77;-77;-77;-77;-77;-77;-77;-77;-77;-77;-77;-77;-77;-77;-77;-77;-77;-77;-77;-77;2;2;2;2;1;2;1;2;2;2;2;2;2;2;1;2;2;1;2;1;2;2;2;2;2;2;2;2;2;2;2;0;1;0;0;0;0;1;0;0;0;0;1;0;0;1
114;0;0;31;7015342;-77;179;0;-77;3;-77;-77;2;-77;-77;4;-77;-77;-77;-77;-77;-77;5;-77;-77;-77;-77;-77;6;-77;3;-77;-77;-77;2;-77;-77;-77;3;-77;5;-77;-77;-77;-77;2;-77;-77;2;-77;-77;6;-77;-77;6;-77;-77;-77;-77;-77;-77;-77;-77;-77;-77;-77;-77;-77;-77;-77;-77;-77;-77;-77;-77;-77;-77;-77;-77;-77;-77;-77;-77;-77;-77;-77;-77;1;2;1;2;1;2;1;1;2;2;2;2;2;2;2;2;2;2;2;2;2;2;2;2;2;2;2;1;2;2;2;0;1;0;0;0;0;1;0;0;0;1;0;0;0;1
115;0;0;31;7015342;-77;161;0;-77;3;6;-77;1;-77;-77;-77;-77;-77;-77;-77;-77;-77;-77;-77;-77;-77;-77;7;7;-77;3;-77;-77;-77;7;-77;1;-77;-77;-77;-77;-77;3;-77;1;-77;-77;-77;-77;-77;7;-77;-77;7;-77;-77;2;2;1;2;1;2;2;1;2;2;2;2;2;2;1;2;2;2;2;1;2;2;2;2;2;2;2;2;2;1;2;-77;-77;-77;-77;-77;-77;-77;-77;-77;-77;-77;-77;-77;-77;-77;-77;-77;-77;-77;-77;-77;-77;-77;-77;-77;-77;-77;-77;-77;-77;-77;0;1;0;0;0;0;1;0;0;0;0;1;0;0;1
117;0;0;31;7015342;-77;194;0;3;-77;-77;5;-77;-77;4;-77;-77;-77;-77;-77;-77;-77;-77;-77;1;-77;-77;-77;-77;5;3;-77;1;-77;4;-77;-77;-77;-77;-77;7;-77;-77;-77;-77;-77;-77;-77;-77;1;-77;3;-77;-77;-77;4;-77;-77;-77;-77;-77;-77;-77;-77;-77;-77;-77;-77;-77;-77;-77;-77;-77;-77;-77;-77;-77;-77;-77;-77;-77;-77;-77;-77;-77;-77;-77;2;2;2;2;1;2;1;1;2;2;2;2;2;2;1;2;2;2;2;1;2;2;2;2;2;2;2;2;2;2;2;0;1;0;0;0;0;1;0;0;1;0;0;0;0;1
116;0;0;31;7015342;-77;156;0;-77;4;2;-77;-77;-77;2;-77;-77;-77;-77;-77;-77;-77;-77;-77;-77;6;-77;-77;-77;6;-77;7;-77;-77;-77;-77;3;-77;-77;2;1;-77;-77;-77;-77;1;1;-77;-77;-77;-77;1;-77;-77;7;-77;2;2;1;2;1;2;1;1;2;2;2;2;2;2;1;2;2;2;2;1;2;2;2;2;2;2;2;2;2;2;2;-77;-77;-77;-77;-77;-77;-77;-77;-77;-77;-77;-77;-77;-77;-77;-77;-77;-77;-77;-77;-77;-77;-77;-77;-77;-77;-77;-77;-77;-77;-77;0;0;1;0;0;0;1;0;0;0;1;0;0;0;1
118;0;0;32;7015342;-77;-1;0;-77;-77;-77;-77;1;-77;4;-77;4;-77;-77;-77;1;-77;1;-77;-77;-77;-77;-77;-77;-77;7;-77;-77;-77;-77;4;1;-77;-77;4;-77;-77;-77;-77;-77;1;-77;-77;-77;-77;4;-77;4;-77;-77;7;-77;-77;-77;-77;-77;-77;-77;-77;-77;-77;-77;-77;-77;-77;-77;-77;-77;-77;-77;-77;-77;-77;-77;-77;-77;-77;-77;-77;-77;-77;-77;1;2;2;2;1;2;2;1;2;2;2;2;2;2;1;2;1;2;2;1;2;2;2;2;1;2;2;2;2;2;2;0;0;1;0;0;0;1;0;0;0;0;0;1;0;1
125;0;0;31;7015342;-77;192;0;-77;-77;4;-77;-77;4;-77;-77;-77;-77;4;-77;1;-77;-77;-77;-77;-77;-77;7;4;-77;-77;-77;-77;-77;-77;7;1;-77;-77;-77;-77;-77;4;-77;-77;1;-77;-77;-77;-77;-77;7;4;-77;-77;-77;-77;-77;-77;-77;-77;-77;-77;-77;-77;-77;-77;-77;-77;-77;-77;-77;-77;-77;-77;-77;-77;-77;-77;-77;-77;-77;-77;-77;-77;-77;-77;2;2;2;2;1;2;1;2;2;2;2;2;2;2;2;2;2;2;2;1;2;2;2;2;2;2;2;2;2;2;2;0;0;1;0;0;0;1;0;0;0;0;1;0;0;1
122;0;0;31;7015342;-77;152;0;-77;-77;7;-77;6;-77;-77;-77;4;-77;-77;-77;5;-77;-77;-77;-77;-77;-77;3;-77;-77;3;-77;-77;-77;-77;-77;3;-77;6;-77;-77;5;-77;-77;-77;6;-77;6;-77;-77;-77;2;-77;-77;5;-77;2;2;1;2;1;2;1;1;2;2;2;2;2;2;1;2;2;2;2;2;2;2;2;2;2;2;2;2;2;2;2;-77;-77;-77;-77;-77;-77;-77;-77;-77;-77;-77;-77;-77;-77;-77;-77;-77;-77;-77;-77;-77;-77;-77;-77;-77;-77;-77;-77;-77;-77;-77;0;1;0;0;0;0;1;0;0;1;1;0;0;0;1
121;0;0;31;7015342;-77;131;0;-77;-77;-77;-77;-77;-77;7;-77;-77;7;-77;7;4;-77;-77;4;-77;4;-77;-77;-77;-77;-77;-77;-77;4;1;-77;-77;-77;-77;-77;4;-77;-77;-77;-77;-77;-77;-77;1;-77;-77;7;-77;-77;-77;7;-77;-77;-77;-77;-77;-77;-77;-77;-77;-77;-77;-77;-77;-77;-77;-77;-77;-77;-77;-77;-77;-77;-77;-77;-77;-77;-77;-77;-77;-77;-77;2;2;1;2;1;2;1;1;2;2;2;2;2;2;1;2;2;2;2;2;2;2;2;2;2;2;2;1;2;2;2;0;1;0;0;0;0;0;0;1;1;0;0;0;0;1
123;0;0;31;7015342;-77;159;0;4;-77;-77;-77;-77;6;-77;-77;-77;-77;-77;3;-77;-77;-77;5;-77;-77;7;-77;-77;6;-77;-77;-77;-77;6;-77;-77;-77;-77;-77;-77;6;6;-77;6;-77;-77;-77;7;-77;7;-77;-77;-77;-77;-77;-77;-77;-77;-77;-77;-77;-77;-77;-77;-77;-77;-77;-77;-77;-77;-77;-77;-77;-77;-77;-77;-77;-77;-77;-77;-77;-77;-77;-77;-77;-77;2;2;2;2;1;2;1;1;2;2;2;2;2;2;1;2;2;2;2;1;2;2;2;2;2;2;2;2;2;2;2;0;1;0;0;0;0;1;0;0;0;1;0;0;0;1
124;0;0;31;7015342;-77;166;0;-77;-77;4;-77;-77;3;-77;-77;-77;-77;-77;5;3;-77;-77;-77;-77;-77;2;-77;-77;5;-77;-77;-77;-77;-77;-77;-77;-77;-77;2;-77;6;3;-77;3;-77;2;-77;2;-77;6;-77;-77;-77;-77;-77;-77;-77;-77;-77;-77;-77;-77;-77;-77;-77;-77;-77;-77;-77;-77;-77;-77;-77;-77;-77;-77;-77;-77;-77;-77;-77;-77;-77;-77;-77;-77;2;2;2;2;1;2;1;1;2;2;2;2;2;2;1;2;2;2;2;1;2;2;2;2;2;2;2;2;2;2;2;0;1;0;0;0;0;1;0;0;0;1;0;0;0;1
126;0;0;31;7015342;-77;150;0;-77;4;-77;-77;-77;-77;-77;-77;7;-77;-77;7;-77;-77;7;-77;-77;7;-77;4;-77;-77;-77;-77;-77;-77;-77;4;-77;-77;7;-77;-77;1;-77;-77;-77;1;-77;-77;1;-77;-77;1;-77;-77;-77;4;2;2;1;2;1;2;1;1;2;2;2;2;2;2;1;2;2;2;2;1;2;2;2;2;2;2;2;2;2;2;2;-77;-77;-77;-77;-77;-77;-77;-77;-77;-77;-77;-77;-77;-77;-77;-77;-77;-77;-77;-77;-77;-77;-77;-77;-77;-77;-77;-77;-77;-77;-77;0;1;0;0;0;0;1;0;0;0;1;0;0;0;1
129;0;0;31;7015342;-77;143;0;-77;-77;-77;7;-77;-77;-77;-77;-77;5;4;-77;6;-77;-77;-77;-77;1;-77;6;-77;-77;-77;-77;-77;-77;-77;-77;-77;-77;-77;5;-77;3;2;-77;-77;6;7;-77;-77;1;-77;6;-77;-77;-77;-77;-77;-77;-77;-77;-77;-77;-77;-77;-77;-77;-77;-77;-77;-77;-77;-77;-77;-77;-77;-77;-77;-77;-77;-77;-77;-77;-77;-77;-77;-77;-77;2;2;2;2;2;2;1;1;2;2;2;2;2;2;1;2;2;2;2;1;2;2;2;2;2;2;2;2;2;2;2;0;1;0;0;0;0;1;0;0;0;1;0;0;0;1
130;0;0;32;7015342;-77;-1;0;-77;-77;-77;4;-77;-77;-77;5;-77;-77;2;-77;5;-77;-77;-77;-77;7;-77;-77;-77;1;-77;-77;-77;-77;-77;-77;-77;6;-77;6;-77;-77;-77;2;7;-77;7;-77;-77;-77;-77;7;-77;7;-77;-77;-77;-77;-77;-77;-77;-77;-77;-77;-77;-77;-77;-77;-77;-77;-77;-77;-77;-77;-77;-77;-77;-77;-77;-77;-77;-77;-77;-77;-77;-77;-77;1;2;1;2;1;2;1;1;2;2;2;2;2;2;1;2;2;2;2;1;2;2;2;2;2;2;2;2;2;2;2;0;1;0;0;0;0;1;0;0;0;0;1;0;0;1
131;0;0;31;7015342;-77;340;0;-77;4;-77;-77;-77;-77;5;-77;-77;6;-77;-77;-77;-77;-77;6;-77;4;-77;-77;-77;-77;5;-77;4;-77;-77;4;-77;-77;3;-77;-77;-77;-77;-77;-77;-77;-77;-77;-77;5;3;-77;6;-77;-77;5;2;2;1;2;1;2;1;2;2;2;2;2;2;2;2;2;2;2;2;1;2;2;2;2;2;2;2;2;2;2;2;-77;-77;-77;-77;-77;-77;-77;-77;-77;-77;-77;-77;-77;-77;-77;-77;-77;-77;-77;-77;-77;-77;-77;-77;-77;-77;-77;-77;-77;-77;-77;0;0;0;1;0;0;0;1;0;0;0;0;1;0;1
132;0;0;31;7015342;-77;478;0;3;-77;-77;-77;5;-77;-77;-77;-77;6;-77;-77;-77;-77;-77;7;-77;-77;6;-77;-77;-77;5;-77;6;-77;-77;-77;-77;3;6;-77;-77;-77;-77;-77;-77;-77;-77;6;-77;-77;-77;4;6;-77;-77;4;2;2;1;2;1;2;1;1;2;2;2;2;2;2;1;2;2;2;2;1;2;2;2;2;2;2;2;2;2;2;2;-77;-77;-77;-77;-77;-77;-77;-77;-77;-77;-77;-77;-77;-77;-77;-77;-77;-77;-77;-77;-77;-77;-77;-77;-77;-77;-77;-77;-77;-77;-77;0;1;0;0;0;0;1;0;0;0;1;0;0;0;1
143;0;0;31;7015342;-77;278;0;-77;7;4;-77;-77;-77;-77;-77;-77;-77;7;-77;-77;-77;-77;-77;-77;7;7;-77;7;-77;-77;-77;-77;-77;-77;4;4;-77;-77;-77;7;-77;-77;-77;7;-77;-77;-77;-77;-77;-77;7;-77;-77;4;-77;2;2;1;2;2;2;2;2;2;2;2;2;2;2;1;2;2;2;2;2;2;2;2;2;2;2;2;2;2;2;2;-77;-77;-77;-77;-77;-77;-77;-77;-77;-77;-77;-77;-77;-77;-77;-77;-77;-77;-77;-77;-77;-77;-77;-77;-77;-77;-77;-77;-77;-77;-77;0;1;0;0;0;0;1;0;0;1;0;0;0;0;1
134;0;0;31;7015342;-77;171;0;-77;7;-77;-77;-77;-77;-77;-77;7;-77;7;-77;-77;-77;4;-77;-77;7;3;-77;-77;-77;-77;-77;6;-77;-77;-77;-77;4;-77;-77;7;-77;-77;-77;-77;-77;-77;6;-77;-77;-77;5;-77;-77;-77;6;-77;-77;-77;-77;-77;-77;-77;-77;-77;-77;-77;-77;-77;-77;-77;-77;-77;-77;-77;-77;-77;-77;-77;-77;-77;-77;-77;-77;-77;-77;-77;2;2;1;2;2;2;1;1;2;2;2;2;2;2;2;2;2;1;2;1;2;2;2;2;2;2;2;1;2;2;2;0;1;0;0;0;0;1;0;0;1;0;0;0;0;1
135;0;0;31;7015342;-77;159;0;7;-77;-77;-77;-77;4;-77;4;-77;-77;-77;-77;-77;-77;-77;4;-77;-77;-77;-77;1;-77;1;-77;7;-77;-77;4;-77;-77;-77;-77;-77;-77;-77;1;-77;-77;-77;-77;7;-77;-77;1;7;-77;-77;-77;2;2;1;2;1;2;1;1;2;2;2;2;2;2;1;2;1;2;2;1;2;2;2;2;2;2;2;2;2;2;2;-77;-77;-77;-77;-77;-77;-77;-77;-77;-77;-77;-77;-77;-77;-77;-77;-77;-77;-77;-77;-77;-77;-77;-77;-77;-77;-77;-77;-77;-77;-77;0;1;0;0;0;0;1;0;0;0;1;0;0;0;1
136;0;0;31;7015342;-77;207;0;-77;5;-77;3;-77;-77;-77;-77;5;-77;-77;-77;-77;-77;-77;-77;7;-77;5;-77;-77;-77;2;-77;3;-77;-77;-77;-77;-77;5;-77;-77;-77;3;-77;-77;-77;-77;2;-77;2;6;-77;-77;2;-77;-77;2;2;1;2;1;2;1;1;2;2;2;2;2;2;1;2;2;2;2;2;2;2;2;2;2;2;2;2;2;2;2;-77;-77;-77;-77;-77;-77;-77;-77;-77;-77;-77;-77;-77;-77;-77;-77;-77;-77;-77;-77;-77;-77;-77;-77;-77;-77;-77;-77;-77;-77;-77;0;1;0;0;0;0;1;0;0;0;1;0;0;0;1
137;0;0;31;7015342;-77;261;0;-77;-77;-77;-77;-77;3;-77;-77;5;-77;-77;5;-77;2;5;-77;-77;-77;-77;3;-77;-77;-77;-77;5;-77;-77;4;-77;-77;-77;-77;5;-77;-77;-77;-77;-77;-77;-77;3;-77;-77;2;-77;-77;5;-77;2;2;1;2;1;2;1;1;2;2;2;2;2;2;1;2;2;2;2;1;2;2;2;2;2;2;2;2;2;2;2;-77;-77;-77;-77;-77;-77;-77;-77;-77;-77;-77;-77;-77;-77;-77;-77;-77;-77;-77;-77;-77;-77;-77;-77;-77;-77;-77;-77;-77;-77;-77;0;1;0;0;0;0;1;0;0;0;1;0;0;0;1
138;0;0;31;7015342;-77;256;0;-77;-77;-77;6;-77;-77;-77;4;-77;-77;-77;4;-77;3;-77;-77;6;-77;-77;-77;-77;3;-77;-77;-77;3;-77;-77;-77;6;-77;-77;-77;-77;5;-77;-77;-77;7;-77;-77;-77;-77;2;-77;3;-77;-77;-77;-77;-77;-77;-77;-77;-77;-77;-77;-77;-77;-77;-77;-77;-77;-77;-77;-77;-77;-77;-77;-77;-77;-77;-77;-77;-77;-77;-77;-77;-77;2;2;2;2;1;2;1;2;2;2;2;2;2;2;1;2;2;2;2;1;2;2;2;2;2;2;2;2;2;2;2;0;1;0;0;0;0;0;1;0;1;0;0;0;0;1
140;0;0;31;7015342;-77;264;0;-77;-77;-77;2;-77;3;-77;-77;-77;-77;5;-77;5;-77;-77;-77;-77;-77;-77;5;4;-77;-77;-77;-77;3;2;-77;6;-77;-77;-77;-77;-77;-77;-77;-77;-77;-77;-77;-77;-77;5;-77;-77;6;4;-77;-77;-77;-77;-77;-77;-77;-77;-77;-77;-77;-77;-77;-77;-77;-77;-77;-77;-77;-77;-77;-77;-77;-77;-77;-77;-77;-77;-77;-77;-77;-77;2;2;1;2;2;2;1;1;2;2;2;2;2;2;1;2;2;2;2;1;2;2;2;2;2;2;2;2;2;2;2;0;0;1;0;0;0;1;0;0;1;0;0;0;0;1
141;0;0;31;7015342;-77;212;0;-77;-77;-77;-77;3;-77;-77;-77;-77;5;-77;3;6;-77;3;-77;-77;-77;3;-77;-77;-77;-77;-77;7;-77;4;-77;-77;-77;-77;-77;-77;-77;-77;3;-77;-77;-77;-77;-77;7;-77;4;4;-77;-77;-77;2;2;1;2;1;2;1;1;2;2;2;2;2;2;1;2;2;2;2;1;2;2;2;2;2;2;2;2;2;2;2;-77;-77;-77;-77;-77;-77;-77;-77;-77;-77;-77;-77;-77;-77;-77;-77;-77;-77;-77;-77;-77;-77;-77;-77;-77;-77;-77;-77;-77;-77;-77;0;1;0;0;0;0;1;0;0;0;1;0;0;0;1
144;0;0;31;7015342;-77;165;0;4;-77;-77;-77;-77;-77;1;-77;-77;-77;-77;4;-77;-77;1;-77;4;-77;-77;-77;7;-77;-77;-77;4;-77;-77;1;-77;-77;-77;-77;-77;-77;4;-77;-77;-77;-77;-77;4;-77;-77;1;-77;1;-77;-77;-77;-77;-77;-77;-77;-77;-77;-77;-77;-77;-77;-77;-77;-77;-77;-77;-77;-77;-77;-77;-77;-77;-77;-77;-77;-77;-77;-77;-77;-77;-77;2;1;2;2;1;1;1;2;1;1;2;1;1;1;2;1;2;1;1;2;1;1;2;1;1;1;1;1;1;2;1;0;1;0;0;0;0;1;0;0;0;1;0;0;0;1
145;0;0;31;7015342;-77;126;0;4;-77;5;-77;-77;-77;-77;-77;-77;-77;4;-77;-77;-77;-77;-77;-77;4;6;-77;-77;6;-77;-77;-77;-77;-77;6;-77;5;5;-77;-77;-77;-77;-77;-77;5;-77;-77;-77;-77;5;-77;6;-77;5;-77;2;1;1;2;1;2;2;1;2;1;2;2;2;2;2;2;2;2;2;1;2;2;2;1;2;2;2;2;2;2;1;-77;-77;-77;-77;-77;-77;-77;-77;-77;-77;-77;-77;-77;-77;-77;-77;-77;-77;-77;-77;-77;-77;-77;-77;-77;-77;-77;-77;-77;-77;-77;0;1;0;0;0;0;1;0;0;0;1;0;0;1;0
146;0;0;31;7015342;-77;288;0;-77;-77;-77;-77;4;-77;-77;4;-77;4;-77;-77;4;-77;-77;5;-77;-77;-77;-77;-77;-77;-77;5;-77;-77;5;-77;-77;6;-77;-77;-77;-77;-77;2;-77;2;-77;-77;-77;-77;5;-77;5;-77;-77;-77;-77;-77;-77;-77;-77;-77;-77;-77;-77;-77;-77;-77;-77;-77;-77;-77;-77;-77;-77;-77;-77;-77;-77;-77;-77;-77;-77;-77;-77;-77;-77;2;2;2;2;1;2;1;1;2;2;2;2;2;2;1;2;2;2;2;1;2;2;2;2;2;2;2;2;2;2;2;0;1;0;0;0;0;1;0;0;0;1;0;0;1;0
147;0;0;31;7015342;-77;312;0;5;-77;5;-77;-77;-77;-77;6;-77;-77;-77;-77;-77;-77;-77;-77;2;-77;-77;-77;5;-77;-77;5;-77;5;-77;-77;-77;-77;-77;4;-77;-77;-77;4;-77;-77;5;-77;6;-77;7;-77;7;-77;-77;-77;1;2;1;2;1;2;2;1;2;2;2;2;2;2;1;2;2;1;2;1;2;2;2;1;2;2;2;1;2;2;2;-77;-77;-77;-77;-77;-77;-77;-77;-77;-77;-77;-77;-77;-77;-77;-77;-77;-77;-77;-77;-77;-77;-77;-77;-77;-77;-77;-77;-77;-77;-77;0;0;1;0;0;0;1;0;0;0;1;0;0;0;1
148;0;0;31;7015342;-77;242;0;-77;6;-77;4;2;-77;-77;-77;-77;-77;-77;-77;-77;-77;-77;-77;-77;-77;3;-77;-77;5;-77;5;2;-77;-77;-77;-77;1;3;-77;-77;-77;-77;-77;-77;-77;3;-77;-77;-77;4;-77;4;-77;-77;5;-77;-77;-77;-77;-77;-77;-77;-77;-77;-77;-77;-77;-77;-77;-77;-77;-77;-77;-77;-77;-77;-77;-77;-77;-77;-77;-77;-77;-77;-77;-77;2;2;2;2;1;2;1;1;2;2;2;2;2;2;1;2;2;2;2;2;2;2;2;2;2;2;2;2;2;1;2;0;0;1;0;0;0;1;0;0;0;0;1;0;0;1
150;0;0;31;7015342;-77;282;0;-77;-77;-77;-77;5;-77;6;-77;5;-77;-77;-77;-77;4;-77;3;-77;-77;-77;-77;-77;-77;4;-77;4;-77;-77;3;-77;5;-77;-77;-77;-77;-77;-77;-77;-77;-77;-77;-77;-77;-77;4;6;-77;-77;5;2;2;1;2;1;2;1;1;2;2;2;2;2;2;1;2;2;2;2;1;2;2;2;2;2;2;2;2;2;2;2;-77;-77;-77;-77;-77;-77;-77;-77;-77;-77;-77;-77;-77;-77;-77;-77;-77;-77;-77;-77;-77;-77;-77;-77;-77;-77;-77;-77;-77;-77;-77;0;1;0;0;0;0;0;1;0;0;0;1;0;0;1
151;0;0;31;7015342;-77;205;0;-77;-77;-77;-77;-77;-77;-77;3;5;-77;-77;3;2;-77;3;-77;-77;1;-77;-77;-77;-77;-77;-77;-77;-77;-77;-77;1;-77;2;-77;-77;-77;3;-77;3;-77;3;-77;-77;-77;-77;3;5;-77;-77;-77;2;2;1;2;1;2;1;1;2;2;2;2;2;2;1;2;2;2;2;1;2;2;2;2;2;2;2;2;2;2;2;-77;-77;-77;-77;-77;-77;-77;-77;-77;-77;-77;-77;-77;-77;-77;-77;-77;-77;-77;-77;-77;-77;-77;-77;-77;-77;-77;-77;-77;-77;-77;0;1;0;0;0;0;1;0;0;0;0;1;0;0;1
152;0;0;31;7015342;-77;231;0;-77;-77;-77;-77;-77;-77;7;-77;-77;2;4;-77;5;-77;-77;1;-77;4;-77;-77;-77;-77;-77;-77;4;-77;-77;-77;-77;-77;-77;-77;4;-77;-77;4;-77;-77;-77;1;4;-77;7;-77;-77;-77;-77;-77;-77;-77;-77;-77;-77;-77;-77;-77;-77;-77;-77;-77;-77;-77;-77;-77;-77;-77;-77;-77;-77;-77;-77;-77;-77;-77;-77;-77;-77;-77;-77;2;2;1;2;2;1;2;1;2;2;2;2;2;2;1;2;2;2;2;2;2;1;1;2;2;2;2;2;2;2;2;0;1;0;0;0;0;1;0;0;0;0;1;0;0;1
154;0;0;31;7015342;-77;479;0;4;-77;-77;4;-77;-77;-77;-77;5;-77;-77;-77;-77;-77;-77;-77;6;-77;5;-77;-77;-77;-77;3;3;-77;-77;-77;-77;-77;4;-77;-77;-77;-77;3;-77;-77;-77;5;5;-77;-77;3;-77;3;-77;-77;1;1;1;1;1;2;1;2;2;2;2;2;2;2;1;1;1;1;2;2;2;2;1;2;1;2;1;1;1;2;2;-77;-77;-77;-77;-77;-77;-77;-77;-77;-77;-77;-77;-77;-77;-77;-77;-77;-77;-77;-77;-77;-77;-77;-77;-77;-77;-77;-77;-77;-77;-77;0;1;0;0;0;0;1;0;0;0;1;0;0;0;1
153;0;0;31;7015342;-77;116;0;-77;-77;4;-77;-77;4;-77;-77;1;-77;-77;-77;-77;7;-77;-77;-77;-77;-77;7;-77;-77;7;-77;-77;-77;-77;1;-77;1;-77;7;-77;-77;-77;-77;-77;7;-77;-77;-77;-77;7;-77;-77;4;7;-77;-77;-77;-77;-77;-77;-77;-77;-77;-77;-77;-77;-77;-77;-77;-77;-77;-77;-77;-77;-77;-77;-77;-77;-77;-77;-77;-77;-77;-77;-77;-77;1;1;1;1;2;2;2;1;2;1;2;1;2;1;2;2;1;2;1;2;2;1;1;2;2;2;2;1;1;2;1;0;0;1;0;0;0;1;0;0;0;0;1;0;1;0
155;0;0;31;7015342;-77;98;0;-77;-77;4;-77;-77;-77;-77;7;-77;-77;4;-77;-77;4;-77;-77;-77;1;-77;-77;4;-77;-77;-77;-77;-77;-77;4;7;-77;-77;1;-77;-77;-77;-77;-77;4;-77;-77;-77;-77;7;-77;1;-77;7;-77;-77;-77;-77;-77;-77;-77;-77;-77;-77;-77;-77;-77;-77;-77;-77;-77;-77;-77;-77;-77;-77;-77;-77;-77;-77;-77;-77;-77;-77;-77;-77;1;1;1;2;1;1;1;1;1;1;2;1;1;1;1;2;2;1;1;2;1;2;2;1;1;2;1;1;1;2;1;0;1;0;0;0;0;1;0;0;0;0;1;0;0;1
156;0;0;31;7015342;-77;199;0;-77;-77;-77;-77;-77;4;-77;3;5;-77;-77;-77;-77;5;-77;2;-77;-77;-77;-77;-77;-77;-77;5;-77;-77;5;-77;-77;-77;6;-77;-77;4;-77;-77;-77;6;-77;-77;7;-77;-77;1;-77;-77;5;-77;2;1;1;2;1;2;1;1;2;2;2;2;2;2;1;2;2;1;2;1;2;2;2;2;2;2;2;2;2;2;2;-77;-77;-77;-77;-77;-77;-77;-77;-77;-77;-77;-77;-77;-77;-77;-77;-77;-77;-77;-77;-77;-77;-77;-77;-77;-77;-77;-77;-77;-77;-77;0;1;0;0;0;0;1;0;0;0;0;1;0;0;1
158;0;0;31;7015342;-77;338;0;-77;-77;-77;-77;-77;4;5;-77;-77;5;-77;-77;3;-77;6;-77;-77;-77;-77;-77;-77;-77;-77;2;-77;-77;6;-77;-77;-77;-77;6;2;-77;-77;-77;2;-77;-77;-77;3;-77;6;-77;-77;-77;-77;4;-77;-77;-77;-77;-77;-77;-77;-77;-77;-77;-77;-77;-77;-77;-77;-77;-77;-77;-77;-77;-77;-77;-77;-77;-77;-77;-77;-77;-77;-77;-77;2;2;2;2;1;2;1;1;2;2;2;2;2;2;1;2;2;2;2;1;2;2;2;2;2;2;2;2;2;2;2;0;0;1;0;0;0;0;1;0;0;0;0;1;0;1
159;0;0;31;7015342;-77;397;0;-77;5;-77;-77;-77;-77;4;-77;-77;6;-77;-77;-77;-77;4;-77;-77;4;-77;-77;-77;-77;-77;3;-77;6;-77;-77;-77;4;6;-77;-77;-77;-77;-77;-77;-77;-77;5;-77;-77;6;-77;6;-77;-77;4;-77;-77;-77;-77;-77;-77;-77;-77;-77;-77;-77;-77;-77;-77;-77;-77;-77;-77;-77;-77;-77;-77;-77;-77;-77;-77;-77;-77;-77;-77;-77;2;2;1;2;1;2;2;1;2;2;2;2;2;2;1;2;2;2;2;2;2;2;2;2;2;2;2;2;2;2;2;0;0;0;1;0;0;0;1;0;0;0;0;1;0;1
160;0;0;31;7015342;-77;260;0;-77;-77;-77;4;-77;-77;1;-77;4;-77;-77;-77;1;-77;-77;-77;2;-77;-77;-77;-77;-77;-77;1;1;-77;4;-77;2;-77;-77;-77;-77;-77;-77;-77;-77;-77;-77;-77;-77;-77;1;-77;4;-77;1;-77;-77;-77;-77;-77;-77;-77;-77;-77;-77;-77;-77;-77;-77;-77;-77;-77;-77;-77;-77;-77;-77;-77;-77;-77;-77;-77;-77;-77;-77;-77;-77;2;2;2;2;2;2;1;1;2;2;2;2;2;2;2;2;2;2;2;1;2;2;2;2;2;2;2;2;2;2;2;0;0;0;1;0;0;0;1;0;0;0;0;1;0;1
162;0;0;31;7015342;-77;395;0;-77;-77;-77;-77;-77;3;6;-77;7;-77;-77;-77;4;-77;-77;5;-77;-77;-77;-77;-77;-77;-77;3;-77;4;-77;-77;-77;-77;7;-77;-77;6;-77;-77;-77;-77;-77;5;-77;2;-77;7;-77;-77;-77;2;2;2;1;2;1;2;1;2;2;2;2;2;2;2;1;2;2;2;2;1;2;2;2;2;2;2;2;2;2;2;2;-77;-77;-77;-77;-77;-77;-77;-77;-77;-77;-77;-77;-77;-77;-77;-77;-77;-77;-77;-77;-77;-77;-77;-77;-77;-77;-77;-77;-77;-77;-77;0;0;1;0;0;0;1;0;0;0;0;0;1;0;1
161;0;0;31;7015342;-77;284;0;-77;-77;6;-77;-77;-77;4;-77;6;-77;-77;-77;2;-77;-77;-77;4;-77;-77;-77;-77;-77;-77;4;5;-77;-77;-77;-77;6;6;-77;-77;-77;-77;-77;-77;-77;-77;5;-77;-77;6;-77;4;-77;-77;6;-77;-77;-77;-77;-77;-77;-77;-77;-77;-77;-77;-77;-77;-77;-77;-77;-77;-77;-77;-77;-77;-77;-77;-77;-77;-77;-77;-77;-77;-77;-77;2;2;2;2;2;2;1;1;2;2;2;2;2;2;2;2;2;2;2;2;2;2;2;2;2;2;2;2;2;2;2;0;1;1;0;0;0;0;1;0;0;0;0;1;1;0
164;0;0;31;7015342;-77;288;0;-77;-77;5;-77;-77;-77;-77;4;-77;2;-77;-77;-77;5;-77;-77;3;-77;-77;-77;-77;-77;-77;3;-77;-77;-77;6;-77;3;-77;-77;-77;5;-77;-77;3;-77;-77;-77;-77;-77;5;-77;-77;-77;-77;5;2;2;1;2;1;2;2;1;2;2;2;2;2;2;1;2;2;2;2;1;2;2;2;2;2;2;2;2;2;2;2;-77;-77;-77;-77;-77;-77;-77;-77;-77;-77;-77;-77;-77;-77;-77;-77;-77;-77;-77;-77;-77;-77;-77;-77;-77;-77;-77;-77;-77;-77;-77;0;0;1;0;0;0;0;1;0;0;0;0;1;0;1
165;0;0;31;7015342;-77;186;0;4;-77;-77;5;1;-77;-77;-77;-77;-77;-77;-77;-77;-77;-77;-77;-77;-77;-77;1;-77;3;6;-77;-77;-77;-77;-77;-77;4;-77;1;-77;2;-77;-77;-77;7;-77;7;-77;-77;-77;1;-77;-77;-77;1;-77;-77;-77;-77;-77;-77;-77;-77;-77;-77;-77;-77;-77;-77;-77;-77;-77;-77;-77;-77;-77;-77;-77;-77;-77;-77;-77;-77;-77;-77;-77;2;2;2;2;1;2;1;1;2;2;2;2;2;2;1;2;2;2;2;1;2;2;2;2;2;2;2;2;2;2;2;0;0;1;0;0;0;0;1;0;0;0;1;0;0;1
167;0;0;31;7015342;-77;214;0;2;-77;-77;3;-77;2;-77;-77;-77;-77;-77;-77;-77;-77;-77;-77;-77;-77;1;-77;1;-77;-77;2;-77;-77;-77;-77;3;-77;7;-77;-77;-77;-77;1;-77;5;-77;6;-77;-77;5;-77;-77;6;-77;-77;2;2;1;2;2;2;1;2;2;2;2;2;2;2;1;2;2;2;2;1;2;2;2;1;2;2;2;2;2;2;2;-77;-77;-77;-77;-77;-77;-77;-77;-77;-77;-77;-77;-77;-77;-77;-77;-77;-77;-77;-77;-77;-77;-77;-77;-77;-77;-77;-77;-77;-77;-77;0;1;0;0;0;1;0;0;1;0;0;1;0;0;1
166;0;0;31;7015342;-77;336;0;-77;-77;-77;4;-77;3;-77;-77;-77;-77;-77;5;-77;6;-77;-77;-77;-77;2;-77;5;-77;-77;-77;-77;-77;-77;3;-77;1;-77;-77;-77;7;-77;-77;4;-77;-77;-77;-77;-77;7;-77;-77;-77;5;-77;2;2;2;2;1;2;1;2;2;2;2;2;2;2;1;2;2;2;2;1;2;2;2;2;2;2;2;2;2;2;2;-77;-77;-77;-77;-77;-77;-77;-77;-77;-77;-77;-77;-77;-77;-77;-77;-77;-77;-77;-77;-77;-77;-77;-77;-77;-77;-77;-77;-77;-77;-77;0;1;0;0;0;0;0;1;0;0;0;1;0;0;1
168;0;0;31;7015342;-77;251;0;-77;6;-77;-77;2;-77;-77;-77;-77;-77;4;-77;-77;-77;-77;5;-77;-77;5;-77;5;-77;-77;-77;-77;-77;5;-77;-77;-77;-77;5;5;-77;-77;-77;5;-77;-77;-77;-77;4;-77;3;-77;-77;5;-77;2;1;1;2;1;2;1;1;2;2;2;2;2;2;1;2;2;2;2;1;2;2;2;2;2;2;2;1;2;2;2;-77;-77;-77;-77;-77;-77;-77;-77;-77;-77;-77;-77;-77;-77;-77;-77;-77;-77;-77;-77;-77;-77;-77;-77;-77;-77;-77;-77;-77;-77;-77;0;0;1;0;0;0;0;1;0;0;0;1;0;0;1
171;0;0;31;7015342;-77;211;0;4;-77;-77;-77;-77;5;-77;-77;-77;-77;-77;5;-77;-77;-77;7;-77;-77;6;-77;-77;6;-77;-77;-77;-77;6;-77;-77;-77;-77;7;-77;5;-77;-77;7;-77;-77;-77;-77;7;-77;7;-77;-77;7;-77;-77;-77;-77;-77;-77;-77;-77;-77;-77;-77;-77;-77;-77;-77;-77;-77;-77;-77;-77;-77;-77;-77;-77;-77;-77;-77;-77;-77;-77;-77;-77;2;2;2;2;1;2;2;1;2;2;2;2;2;2;1;2;2;2;2;1;2;2;2;2;2;2;2;1;2;2;2;0;0;1;0;0;0;1;0;0;0;0;1;0;0;1
173;0;0;31;7015342;-77;294;0;-77;-77;-77;-77;6;-77;-77;7;-77;3;-77;-77;-77;5;-77;5;-77;-77;-77;-77;-77;-77;-77;4;-77;3;-77;-77;-77;7;7;-77;-77;-77;-77;-77;-77;-77;6;-77;-77;-77;7;-77;-77;5;5;-77;2;2;1;2;1;2;1;1;2;2;2;2;2;2;1;2;2;2;2;2;2;2;2;2;2;2;2;2;2;2;2;-77;-77;-77;-77;-77;-77;-77;-77;-77;-77;-77;-77;-77;-77;-77;-77;-77;-77;-77;-77;-77;-77;-77;-77;-77;-77;-77;-77;-77;-77;-77;0;1;0;0;0;0;0;1;0;0;1;0;0;0;1
174;0;0;31;7015342;-77;219;0;-77;-77;-77;-77;-77;1;7;-77;-77;-77;-77;4;1;-77;-77;4;-77;-77;-77;-77;-77;4;-77;-77;4;-77;-77;-77;1;-77;-77;-77;-77;4;-77;-77;-77;-77;-77;4;-77;-77;7;-77;-77;-77;-77;7;2;2;2;2;2;2;2;2;2;2;2;2;2;2;2;2;2;2;2;2;2;2;2;2;2;2;2;2;2;2;2;-77;-77;-77;-77;-77;-77;-77;-77;-77;-77;-77;-77;-77;-77;-77;-77;-77;-77;-77;-77;-77;-77;-77;-77;-77;-77;-77;-77;-77;-77;-77;0;1;0;0;0;0;0;1;0;0;1;0;0;0;1
175;0;0;31;7015342;-77;168;0;-77;-77;5;-77;-77;-77;7;-77;-77;2;-77;-77;1;-77;-77;-77;4;-77;-77;-77;-77;-77;-77;4;-77;-77;7;-77;7;-77;-77;-77;-77;-77;-77;5;5;-77;-77;-77;-77;-77;5;-77;1;-77;-77;-77;2;2;1;2;1;2;2;2;2;2;2;2;2;2;1;2;2;2;2;1;2;2;2;2;2;2;2;2;2;2;2;-77;-77;-77;-77;-77;-77;-77;-77;-77;-77;-77;-77;-77;-77;-77;-77;-77;-77;-77;-77;-77;-77;-77;-77;-77;-77;-77;-77;-77;-77;-77;0;0;1;0;0;0;1;0;0;0;0;1;0;0;1
176;0;0;31;7015342;-77;196;0;-77;4;-77;-77;7;-77;-77;4;-77;-77;-77;-77;-77;-77;4;-77;-77;-77;-77;-77;3;-77;5;-77;-77;-77;-77;-77;-77;4;6;-77;4;-77;-77;-77;-77;4;-77;1;-77;-77;7;-77;-77;-77;-77;6;2;2;2;2;1;1;1;1;1;2;1;1;1;2;1;1;1;1;1;1;1;1;2;1;1;2;1;1;2;2;1;-77;-77;-77;-77;-77;-77;-77;-77;-77;-77;-77;-77;-77;-77;-77;-77;-77;-77;-77;-77;-77;-77;-77;-77;-77;-77;-77;-77;-77;-77;-77;0;1;0;0;0;0;0;1;0;0;1;0;0;0;1
179;0;0;31;7015342;-77;134;0;-77;7;-77;-77;-77;4;-77;-77;4;-77;-77;-77;-77;-77;4;-77;-77;-77;4;-77;-77;-77;4;-77;-77;7;-77;-77;-77;-77;-77;-77;7;-77;-77;7;-77;-77;4;-77;-77;4;7;-77;-77;-77;-77;-77;-77;-77;-77;-77;-77;-77;-77;-77;-77;-77;-77;-77;-77;-77;-77;-77;-77;-77;-77;-77;-77;-77;-77;-77;-77;-77;-77;-77;-77;-77;-77;2;2;1;2;2;2;2;1;2;2;2;2;2;2;1;2;2;2;2;1;1;2;2;2;2;2;2;2;2;2;2;0;0;1;0;0;0;1;0;0;0;1;0;0;0;1
180;0;0;31;7015342;-77;194;0;7;-77;-77;-77;4;-77;7;-77;-77;-77;-77;-77;-77;-77;7;-77;-77;-77;-77;-77;-77;7;7;-77;7;-77;-77;-77;-77;7;-77;7;-77;-77;-77;-77;-77;-77;-77;7;-77;-77;7;-77;7;-77;7;-77;2;2;2;2;2;1;2;2;2;2;2;2;2;2;2;2;2;2;2;2;2;2;2;2;2;2;2;2;1;2;2;-77;-77;-77;-77;-77;-77;-77;-77;-77;-77;-77;-77;-77;-77;-77;-77;-77;-77;-77;-77;-77;-77;-77;-77;-77;-77;-77;-77;-77;-77;-77;0;1;0;0;0;0;1;0;0;0;0;1;0;0;1
181;0;0;31;7015342;-77;178;0;-77;-77;4;-77;-77;7;-77;-77;-77;-77;6;-77;-77;4;-77;-77;-77;-77;-77;3;-77;5;-77;-77;4;-77;5;-77;-77;-77;-77;-77;-77;-77;-77;3;-77;-77;-77;-77;5;-77;-77;5;-77;2;-77;-77;-77;-77;-77;-77;-77;-77;-77;-77;-77;-77;-77;-77;-77;-77;-77;-77;-77;-77;-77;-77;-77;-77;-77;-77;-77;-77;-77;-77;-77;-77;-77;2;2;2;2;2;2;1;1;2;2;2;2;2;2;1;2;2;2;2;2;2;2;2;2;2;2;2;2;2;2;2;0;0;1;0;0;0;1;0;0;0;0;0;1;0;1
182;0;0;31;7015342;-77;214;0;7;-77;-77;4;-77;-77;-77;-77;-77;4;-77;-77;-77;-77;-77;-77;-77;1;-77;1;-77;-77;-77;4;5;-77;-77;-77;-77;1;-77;-77;3;-77;-77;-77;-77;-77;5;-77;-77;-77;-77;2;-77;-77;-77;3;-77;-77;-77;-77;-77;-77;-77;-77;-77;-77;-77;-77;-77;-77;-77;-77;-77;-77;-77;-77;-77;-77;-77;-77;-77;-77;-77;-77;-77;-77;-77;2;2;2;2;1;2;1;1;2;2;2;2;2;2;1;2;2;2;2;1;2;2;2;2;2;2;2;2;2;2;2;0;0;1;0;0;0;0;1;0;0;0;0;1;0;1
183;0;0;31;7015342;-77;145;0;5;-77;-77;3;-77;-77;-77;-77;3;-77;-77;-77;-77;-77;-77;-77;1;-77;-77;4;-77;-77;3;-77;4;-77;-77;-77;-77;-77;5;-77;-77;4;-77;-77;-77;-77;-77;3;3;-77;-77;3;-77;-77;-77;3;-77;-77;-77;-77;-77;-77;-77;-77;-77;-77;-77;-77;-77;-77;-77;-77;-77;-77;-77;-77;-77;-77;-77;-77;-77;-77;-77;-77;-77;-77;-77;2;2;2;2;1;2;1;1;2;2;2;2;2;2;1;2;2;2;2;1;2;2;2;2;2;2;2;2;2;2;2;0;1;0;0;0;0;1;0;0;0;1;0;0;0;1
184;0;0;31;7015342;-77;173;0;1;-77;-77;1;-77;-77;-77;1;-77;-77;-77;-77;-77;-77;-77;-77;1;-77;-77;-77;-77;1;-77;1;-77;1;-77;4;-77;-77;-77;-77;-77;-77;4;-77;-77;-77;-77;-77;1;-77;-77;7;7;-77;-77;-77;2;2;2;2;2;2;2;1;2;2;2;2;2;2;1;2;2;2;2;1;2;2;2;2;2;2;2;2;2;2;2;-77;-77;-77;-77;-77;-77;-77;-77;-77;-77;-77;-77;-77;-77;-77;-77;-77;-77;-77;-77;-77;-77;-77;-77;-77;-77;-77;-77;-77;-77;-77;0;1;0;0;0;0;1;0;0;0;1;0;0;0;1
185;0;0;31;7015342;-77;190;0;-77;-77;4;-77;-77;7;-77;-77;4;-77;-77;-77;-77;7;-77;-77;-77;-77;1;-77;-77;-77;1;-77;-77;-77;-77;-77;4;-77;-77;-77;4;-77;-77;1;1;-77;-77;1;-77;-77;1;-77;-77;-77;-77;-77;2;2;1;2;1;2;1;2;2;2;2;2;2;2;1;2;2;2;2;1;2;2;2;2;2;2;2;2;2;2;2;-77;-77;-77;-77;-77;-77;-77;-77;-77;-77;-77;-77;-77;-77;-77;-77;-77;-77;-77;-77;-77;-77;-77;-77;-77;-77;-77;-77;-77;-77;-77;0;1;0;0;0;0;1;0;0;0;1;0;0;0;1
186;0;0;31;7015342;-77;176;0;-77;-77;3;-77;-77;-77;-77;5;-77;4;-77;-77;2;-77;-77;-77;-77;3;-77;-77;-77;-77;3;-77;-77;7;-77;-77;-77;-77;4;-77;-77;6;-77;-77;-77;-77;6;-77;-77;6;-77;5;-77;-77;-77;3;2;2;1;2;1;2;1;1;2;2;2;2;2;2;2;2;2;2;2;1;2;2;2;2;2;2;2;2;2;2;2;-77;-77;-77;-77;-77;-77;-77;-77;-77;-77;-77;-77;-77;-77;-77;-77;-77;-77;-77;-77;-77;-77;-77;-77;-77;-77;-77;-77;-77;-77;-77;0;1;0;0;0;0;1;0;0;0;1;0;0;0;1
187;0;0;32;7015342;-77;-1;0;1;-77;-77;-77;-77;4;-77;-77;-77;-77;1;-77;-77;-77;-77;4;-77;-77;1;-77;5;-77;-77;-77;1;-77;-77;-77;-77;-77;4;-77;-77;5;-77;-77;-77;-77;4;-77;1;-77;-77;3;-77;-77;-77;3;-77;-77;-77;-77;-77;-77;-77;-77;-77;-77;-77;-77;-77;-77;-77;-77;-77;-77;-77;-77;-77;-77;-77;-77;-77;-77;-77;-77;-77;-77;-77;2;2;2;2;1;2;1;1;2;2;2;2;2;2;1;2;2;2;2;1;2;2;2;2;2;2;2;2;2;2;2;0;0;1;0;0;0;0;1;0;0;0;1;0;0;1
189;0;0;31;7015342;-77;260;0;-77;3;-77;5;-77;-77;-77;-77;-77;-77;6;-77;-77;-77;-77;-77;-77;6;4;-77;5;-77;-77;-77;-77;2;-77;-77;-77;3;-77;-77;6;-77;-77;-77;-77;-77;-77;7;-77;-77;6;-77;-77;-77;5;-77;-77;-77;-77;-77;-77;-77;-77;-77;-77;-77;-77;-77;-77;-77;-77;-77;-77;-77;-77;-77;-77;-77;-77;-77;-77;-77;-77;-77;-77;-77;-77;2;2;1;2;1;2;1;1;2;2;2;2;2;2;2;2;2;2;2;1;2;2;2;2;2;2;2;2;2;2;2;0;1;0;0;0;0;0;1;0;1;0;0;0;0;1
192;0;0;31;7015342;-77;331;0;-77;5;-77;7;-77;-77;-77;-77;-77;4;-77;-77;-77;-77;-77;-77;3;-77;6;-77;-77;-77;-77;6;-77;-77;-77;7;-77;2;-77;-77;-77;6;-77;-77;-77;4;-77;-77;-77;-77;-77;5;-77;-77;4;-77;2;1;1;2;1;2;2;1;2;2;2;2;2;2;1;2;2;2;2;1;2;2;2;2;2;2;2;2;2;2;2;-77;-77;-77;-77;-77;-77;-77;-77;-77;-77;-77;-77;-77;-77;-77;-77;-77;-77;-77;-77;-77;-77;-77;-77;-77;-77;-77;-77;-77;-77;-77;0;1;0;0;0;0;1;0;0;0;1;0;0;0;1
195;0;0;31;7015342;-77;252;0;-77;3;5;-77;-77;-77;-77;-77;-77;-77;3;-77;-77;-77;-77;-77;1;-77;2;-77;1;-77;-77;-77;-77;-77;-77;-77;2;-77;7;-77;6;-77;-77;-77;-77;1;4;-77;-77;-77;6;-77;-77;-77;3;-77;2;2;1;2;1;2;1;1;2;2;2;2;2;2;1;2;2;2;2;1;2;2;2;2;2;2;2;2;2;2;2;-77;-77;-77;-77;-77;-77;-77;-77;-77;-77;-77;-77;-77;-77;-77;-77;-77;-77;-77;-77;-77;-77;-77;-77;-77;-77;-77;-77;-77;-77;-77;0;1;0;0;0;0;1;0;0;1;0;0;0;0;1
193;0;0;31;7015342;-77;216;0;-77;-77;-77;-77;2;-77;-77;5;-77;-77;2;-77;-77;2;-77;4;-77;-77;-77;-77;-77;5;-77;-77;-77;-77;5;-77;-77;-77;5;-77;-77;5;-77;-77;3;-77;-77;-77;5;-77;-77;5;-77;-77;-77;3;-77;-77;-77;-77;-77;-77;-77;-77;-77;-77;-77;-77;-77;-77;-77;-77;-77;-77;-77;-77;-77;-77;-77;-77;-77;-77;-77;-77;-77;-77;-77;2;2;2;2;2;2;1;1;2;2;2;2;2;2;1;2;2;2;2;1;2;2;2;2;2;2;2;2;2;2;2;0;1;0;0;0;0;0;1;0;1;1;0;0;0;1
194;0;0;31;7015342;-77;159;0;-77;-77;-77;-77;1;-77;-77;4;-77;-77;-77;2;-77;2;-77;2;-77;-77;-77;-77;-77;6;-77;-77;-77;3;2;-77;-77;-77;-77;-77;-77;7;-77;-77;-77;-77;-77;-77;4;-77;-77;6;-77;-77;-77;2;2;2;1;2;1;2;2;1;2;2;2;2;2;2;1;2;2;2;2;1;2;2;2;2;2;2;2;2;2;2;2;-77;-77;-77;-77;-77;-77;-77;-77;-77;-77;-77;-77;-77;-77;-77;-77;-77;-77;-77;-77;-77;-77;-77;-77;-77;-77;-77;-77;-77;-77;-77;0;1;0;0;0;0;1;0;0;0;1;0;0;0;1
196;0;0;31;7015342;-77;278;0;-77;-77;-77;-77;-77;1;7;-77;-77;-77;5;-77;-77;3;3;-77;-77;-77;-77;-77;7;-77;-77;-77;7;-77;-77;-77;-77;-77;7;-77;-77;-77;-77;4;-77;-77;-77;5;-77;3;-77;6;7;-77;-77;-77;-77;-77;-77;-77;-77;-77;-77;-77;-77;-77;-77;-77;-77;-77;-77;-77;-77;-77;-77;-77;-77;-77;-77;-77;-77;-77;-77;-77;-77;-77;-77;2;2;2;2;2;2;1;1;2;2;2;2;2;2;2;2;2;2;2;2;2;2;2;2;2;2;2;2;2;2;2;0;1;0;0;0;0;1;0;0;0;1;0;0;0;1
197;0;0;31;7015342;-77;187;0;-77;-77;-77;-77;5;-77;5;-77;-77;-77;5;-77;-77;5;5;-77;-77;-77;-77;-77;5;-77;-77;-77;-77;3;-77;-77;-77;4;-77;-77;-77;-77;-77;4;-77;-77;5;-77;-77;-77;-77;3;-77;3;-77;-77;2;2;1;2;2;2;2;2;2;2;2;2;2;2;1;2;2;2;2;1;2;2;2;2;2;2;2;2;2;2;2;-77;-77;-77;-77;-77;-77;-77;-77;-77;-77;-77;-77;-77;-77;-77;-77;-77;-77;-77;-77;-77;-77;-77;-77;-77;-77;-77;-77;-77;-77;-77;0;0;1;0;0;0;1;0;0;0;0;0;1;0;1
198;0;0;31;7015342;-77;364;0;-77;-77;-77;4;-77;-77;-77;1;4;-77;-77;-77;-77;7;-77;-77;4;-77;-77;-77;-77;-77;7;-77;-77;-77;7;-77;-77;7;-77;1;-77;-77;-77;-77;-77;4;-77;-77;-77;-77;-77;7;-77;7;-77;7;2;1;1;2;1;1;1;1;2;1;2;2;2;2;1;2;2;2;2;1;2;2;2;2;2;2;2;2;2;2;2;-77;-77;-77;-77;-77;-77;-77;-77;-77;-77;-77;-77;-77;-77;-77;-77;-77;-77;-77;-77;-77;-77;-77;-77;-77;-77;-77;-77;-77;-77;-77;0;0;0;1;0;0;1;0;0;0;0;0;1;0;1
199;0;0;31;7015342;-77;673;0;-77;-77;5;-77;-77;6;-77;-77;5;-77;-77;-77;4;-77;-77;-77;-77;-77;6;-77;-77;-77;-77;6;-77;-77;5;-77;-77;-77;-77;-77;5;-77;-77;7;5;-77;-77;-77;6;-77;6;-77;-77;-77;-77;-77;2;2;2;2;1;2;1;2;2;2;2;2;2;2;1;2;2;2;2;1;2;2;2;2;2;2;2;2;2;2;2;-77;-77;-77;-77;-77;-77;-77;-77;-77;-77;-77;-77;-77;-77;-77;-77;-77;-77;-77;-77;-77;-77;-77;-77;-77;-77;-77;-77;-77;-77;-77;0;0;0;1;0;0;0;1;0;0;0;0;1;0;1
